gameId,team_win,team1_champ1,team1_champ2,team1_champ3,team1_champ4,team1_champ5,team2_champ1,team2_champ2,team2_champ3,team2_champ4,team2_champ5
2725912579,2,13,236,421,223,3,114,51,117,113,69
2726625288,2,24,110,412,113,13,12,164,429,120,3
2727239691,1,63,110,101,59,150,23,105,421,51,25
2725314578,2,80,143,110,154,61,81,63,13,516,28
2725920787,2,98,18,117,69,107,121,14,40,245,119
2725634074,2,421,114,13,18,63,19,44,110,69,164
2728591387,2,12,107,112,429,50,61,72,266,18,412
2728091675,1,82,117,110,27,72,26,18,37,23,113
2727059492,1,31,112,4,117,119,63,50,81,114,104
2727100458,2,45,75,267,24,202,43,30,164,81,154
2727485491,1,245,267,24,51,136,9,498,13,432,92
2727452728,1,50,421,498,40,78,222,240,245,201,131
2726289473,1,64,12,61,498,14,13,72,18,40,164
2727321665,2,161,64,81,268,39,50,18,12,92,19
2726690887,2,105,64,119,267,98,117,92,106,3,18
2725683295,2,39,121,81,99,142,222,12,141,92,50
2728312933,2,53,110,13,164,14,12,119,141,85,69
2728157287,1,58,18,236,14,59,121,164,18,267,163
2727690350,2,240,254,115,40,96,27,163,29,223,421
2725806198,2,223,13,119,107,6,236,92,34,14,141
2727190648,1,163,18,121,164,201,101,26,27,51,9
2725339256,1,122,142,107,236,99,69,40,56,107,51
2728157315,2,201,164,103,81,154,54,245,222,25,412
2727919756,1,53,141,41,81,7,117,110,150,61,154
2727272588,2,222,3,421,4,75,201,51,9,1,114
2728181902,1,80,17,202,429,20,222,75,30,26,89
2725462161,1,121,14,161,18,105,38,76,236,96,117
2727018642,2,64,238,110,43,114,201,51,164,245,91
2726977688,1,75,412,96,24,142,106,101,14,119,432
2728747162,2,117,119,34,141,57,164,64,81,267,103
2727133351,2,3,163,102,12,51,267,112,64,18,516
2727174324,1,19,92,51,117,268,64,81,61,25,164
2726256821,1,12,105,113,14,429,11,4,81,45,223
2725396686,2,24,498,101,98,254,57,136,236,18,40
2725789903,2,25,51,121,516,45,14,18,245,107,44
2727510224,1,40,245,421,222,27,69,41,15,164,14
2728689887,2,164,113,112,18,201,64,69,14,40,81
2725691615,2,83,26,113,498,134,142,23,107,81,44
2726863082,2,14,268,63,59,81,117,32,18,27,34
2725437680,1,55,122,107,236,497,4,72,498,98,164
2727592178,2,20,498,9,201,92,119,40,161,121,84
2728796406,2,2,39,40,18,38,42,412,141,78,81
2725929206,1,117,51,59,27,136,81,25,92,13,24
2726478072,1,40,107,110,18,106,104,64,222,117,4
2727190782,1,37,64,498,30,420,23,119,42,432,31
2728870145,1,498,92,136,497,24,10,201,113,119,161
2726158594,2,23,81,223,24,4,110,78,163,40,121
2728509700,2,40,103,107,429,54,110,20,16,126,23
2725495045,2,164,432,498,24,105,18,8,142,107,40
2727010568,1,40,107,13,67,136,110,83,113,14,112
2727010587,2,24,81,412,240,8,238,498,68,19,497
2728100126,1,254,432,240,112,110,34,222,121,40,2
2726592799,1,254,16,110,84,268,40,14,106,101,18
2728239402,1,223,421,42,114,222,113,119,164,61,53
2726969651,2,267,113,27,18,13,17,112,24,110,44
2726068532,1,24,498,40,112,114,61,18,44,14,28
2725232958,1,497,25,59,498,6,412,92,81,55,76
2726773072,1,8,41,26,121,81,245,24,432,61,222
2726846808,1,63,53,498,27,19,51,267,164,13,92
2728411490,2,133,72,150,131,201,18,92,112,98,141
2725667174,1,81,45,121,12,68,90,143,498,92,107
2726732137,2,112,57,117,110,59,268,40,75,18,427
2726855019,2,4,117,17,77,18,106,25,154,105,222
2728730994,2,142,141,25,236,39,110,412,50,19,201
2725806461,2,421,67,26,38,164,92,3,89,202,106
2725970309,2,8,121,98,498,24,105,40,35,18,14
2728305030,2,516,38,110,40,2,34,1,498,154,114
2727633289,1,107,14,12,42,119,412,15,114,64,163
2726060427,2,17,202,117,55,164,122,67,268,99,72
2728657297,2,121,412,11,51,43,202,9,5,41,117
2725020050,2,61,18,40,28,67,150,42,33,143,22
2727199138,1,421,23,429,412,13,432,3,8,81,59
2725216674,1,14,201,202,24,105,51,114,72,48,50
2725093799,2,14,141,110,89,69,28,238,68,44,18
2725667243,1,19,54,267,69,498,64,7,497,498,50
2726953387,1,236,266,76,122,268,24,157,40,121,67
2728632750,2,18,421,142,75,267,222,64,92,7,89
2725700023,2,81,101,223,122,11,51,412,50,72,23
2725847501,1,201,113,164,85,18,154,54,498,136,12
2725413332,2,498,8,497,106,17,107,40,126,142,18
2727035358,1,122,131,121,201,51,163,19,114,110,117
2727690721,1,497,78,72,101,81,15,12,203,68,4
2727625190,1,25,498,121,101,420,51,141,27,3,267
2725659114,1,157,498,107,92,50,222,8,59,79,111
2725675504,1,161,245,18,17,236,126,110,34,19,12
2728362495,2,41,498,13,72,63,35,81,12,8,112
2727420426,2,53,141,119,14,112,92,40,18,121,61
2725609995,2,61,432,119,64,14,18,69,107,58,12
2727240212,2,18,201,3,14,19,432,498,113,163,84
2728100386,1,14,498,497,107,268,34,120,40,8,67
2728428075,1,498,236,14,107,58,92,12,154,13,22
2725511723,1,107,26,134,63,222,59,27,50,429,14
2727428654,2,106,498,268,98,92,114,81,24,201,13
2725536307,1,18,113,92,7,40,12,99,498,154,91
2727535159,1,56,117,157,163,18,120,13,40,115,81
2725225027,2,96,13,24,40,79,161,9,16,51,240
2726978124,1,412,81,76,4,114,24,163,67,223,59
2728370765,2,110,266,4,104,117,37,86,13,18,154
2725405263,2,79,22,14,62,91,75,14,429,203,157
2725782096,2,110,107,3,92,432,121,81,164,126,25
2727084625,1,163,13,53,498,76,110,236,267,20,69
2727109215,2,267,202,106,115,14,412,69,164,36,119
2727674465,2,57,18,72,12,7,39,498,28,42,497
2727166563,2,223,80,113,59,90,2,92,497,74,498
2725438051,2,37,8,81,57,39,51,38,76,25,14
2726117993,2,113,4,266,498,40,121,38,126,81,117
2726027889,1,40,421,51,245,24,19,41,131,429,412
2727535221,2,63,164,50,15,106,268,164,110,20,267
2725741190,1,136,51,245,16,516,121,103,14,143,110
2728321673,1,498,103,14,497,9,81,36,131,40,27
2728837772,1,421,114,136,43,81,106,412,13,8,18
2725962398,1,91,126,16,113,110,81,63,117,41,3
2725249696,1,427,67,39,30,117,19,163,41,96,201
2726445729,1,78,102,18,30,54,202,141,14,268,412
2725651114,2,55,222,106,516,117,14,90,16,60,81
2726609586,2,498,497,164,134,33,17,412,28,50,21
2725380787,1,3,99,222,19,238,57,45,120,12,51
2728108722,2,16,161,222,113,14,157,106,50,67,161
2727158460,2,99,51,63,24,57,201,13,245,92,18
2727092925,1,63,497,498,13,41,29,26,59,24,163
2725880510,2,238,122,51,117,245,126,57,12,22,154
2725356224,2,72,89,164,119,17,498,40,14,203,126
2728002241,1,421,4,498,497,150,40,23,34,240,222
2728231618,2,222,121,412,9,57,119,113,30,41,201
2728403653,1,51,98,72,412,55,412,238,24,62,236
2728641228,1,121,27,25,51,13,24,34,18,266,12
2726208204,1,96,40,106,23,4,41,107,50,18,267
2727166671,1,92,45,96,412,254,157,110,76,75,17
2726937299,1,114,18,4,497,120,163,164,498,44,223
2728223454,2,4,432,119,107,36,245,48,81,105,223
2726585056,1,121,7,117,18,107,4,76,150,12,110
2725241579,2,121,44,14,50,119,238,222,99,34,107
2727486195,1,240,42,13,40,107,28,223,55,14,18
2725298931,1,63,17,107,157,110,498,92,497,9,38
2725257971,1,92,19,51,25,101,498,107,245,40,14
2725757689,1,268,81,236,201,2,41,412,222,421,245
2725020418,1,9,63,12,67,164,7,34,81,53,106
2725438211,1,136,141,126,236,78,268,498,497,69,64
2728657668,2,67,12,24,4,157,126,121,27,81,201
2728846088,1,268,28,39,498,267,150,20,18,37,3
2726069015,1,421,4,114,25,15,105,98,121,498,223
2727584562,2,121,81,55,92,267,497,498,101,72,27
2725569333,1,150,24,18,63,31,101,498,40,10,9
2728543031,1,18,516,12,101,121,80,42,498,9,497
2728567613,1,113,4,67,85,40,61,421,117,498,27
2728526662,2,201,106,202,39,136,31,126,110,432,421
2727150408,2,268,68,104,81,223,61,15,154,77,12
2726691661,1,76,150,26,13,29,61,223,81,41,19
2726552401,2,13,236,92,122,81,29,157,238,89,64
2727404370,1,126,81,223,76,13,497,50,427,498,69
2725880659,1,13,18,20,17,53,110,113,40,157,8
2725618523,1,68,11,105,51,267,141,98,119,268,86
2728584026,2,202,143,14,3,106,136,24,164,110,25
2726003550,1,119,40,6,19,105,42,14,76,117,18
2726478698,1,497,498,27,92,113,15,223,121,55,40
2726191980,1,117,13,113,18,84,201,110,7,41,121
2725020524,1,498,105,120,13,497,99,79,15,201,266
2726175599,2,117,41,72,55,498,154,96,92,26,8
2727609200,1,119,432,1,114,19,18,20,40,13,236
2728338290,1,81,13,432,8,164,18,58,14,268,421
2728362866,2,51,44,42,27,9,80,13,498,412,121
2727199609,2,157,85,19,201,81,18,112,141,12,6
2728313725,2,202,122,113,143,69,43,110,59,161,39
2728452992,1,19,267,41,18,412,77,80,15,45,14
2728092549,1,18,8,236,114,23,11,22,80,222,131
2725872517,1,13,22,72,44,25,420,498,268,497,107
2725954441,1,17,80,113,236,432,141,154,50,202,117
2726101897,2,44,14,81,113,38,19,136,18,26,31
2728002460,2,15,12,154,8,516,76,157,92,201,81
2725708707,2,8,498,267,7,113,61,141,117,96,27
2728706981,2,55,202,117,157,5,19,89,202,59,55
2728092585,2,98,92,55,421,81,236,154,117,34,27
2728207275,1,92,53,121,13,236,202,25,113,164,61
2728240044,2,245,18,126,223,60,17,53,110,3,72
2725692348,1,22,115,17,64,25,150,63,59,81,42
2728543164,2,34,498,107,92,99,44,77,18,150,163
2727207869,2,64,30,498,432,114,117,110,69,420,121
2726822850,1,44,3,497,92,81,142,119,20,412,75
2727347146,2,164,113,15,53,3,117,79,18,112,154
2726757322,2,51,12,14,121,101,157,60,6,18,223
2726618060,1,81,27,40,113,4,30,117,51,36,6
2725233613,2,91,24,51,113,27,72,412,107,161,81
2728690636,2,202,55,40,35,25,122,81,8,25,19
2727183312,1,51,21,11,74,106,119,268,59,22,114
2725118936,2,223,113,61,110,40,14,59,429,131,9
2728797144,2,18,27,3,141,12,157,60,498,14,40
2728772575,2,432,112,60,202,266,96,9,89,103,77
2725463011,1,236,89,7,421,82,12,498,24,107,14
2726552556,1,75,19,268,51,40,8,106,157,498,267
2728739821,1,25,76,45,51,420,126,24,8,412,18
2726667247,1,19,432,26,6,51,121,497,81,30,164
2728330240,2,78,99,117,141,110,497,268,19,498,58
2727887876,1,40,112,106,110,23,92,498,76,432,3
2727298053,1,113,42,117,29,122,12,92,107,112,236
2728608774,2,99,12,113,498,78,55,164,154,18,44
2728616974,1,497,13,31,15,20,114,34,498,154,98
2725839889,1,25,432,24,78,498,113,40,51,13,41
2728354835,1,15,59,432,17,4,92,497,498,3,107
2725463065,1,3,201,92,51,421,131,107,427,96,26
2725315611,2,107,120,110,40,3,427,78,131,96,497
2725266464,2,498,96,107,497,39,58,61,29,40,28
2727609377,1,238,103,18,22,58,21,48,13,89,58
2728690720,2,245,421,164,497,498,92,81,101,5,40
2725356578,1,110,64,164,117,112,40,102,92,69,498
2726069284,1,154,42,18,164,26,201,81,107,115,8
2725626922,2,161,150,110,63,106,7,143,76,18,126
2725749803,2,429,150,38,432,113,117,96,30,24,92
2725864494,1,164,497,429,41,3,84,117,76,67,63
2727584815,1,101,78,161,72,18,24,5,136,117,498
2727576635,2,14,28,18,136,12,37,27,421,429,61
2728657983,1,24,112,412,113,498,25,164,55,72,67
2728035396,2,81,24,9,43,141,163,40,122,18,154
2725258317,1,53,24,92,110,157,114,55,72,267,81
2728682582,1,37,114,16,121,55,1,35,157,51,17
2728248417,1,89,245,48,18,19,111,412,67,38,154
2725921905,1,222,201,28,245,114,1,18,25,39,20
2725282935,2,223,5,29,114,157,17,432,80,13,81
2725848185,2,117,18,54,268,113,40,41,141,13,110
2727298173,2,106,498,25,103,121,40,236,59,112,39
2726970493,2,236,103,40,11,17,164,37,266,76,498
2725332115,1,25,110,20,53,164,83,112,498,120,143
2728453268,2,121,42,18,432,14,498,497,19,43,86
2727093397,2,12,19,164,18,61,14,20,13,75,81
2725659797,2,412,14,42,51,59,163,110,432,72,48
2728862876,2,120,150,18,1,117,14,121,81,26,25
2725610656,1,42,18,201,23,120,223,9,110,14,136
2728838312,1,57,42,72,119,201,141,18,12,27,45
2725618864,1,64,34,81,161,23,498,26,98,13,113
2725282992,1,28,44,51,238,74,24,112,57,81,223
2725848248,1,117,99,96,24,80,254,12,268,18,157
2726782137,1,105,498,497,14,113,81,57,238,8,143
2728813758,1,498,154,245,497,150,27,113,119,69,223
2727371966,2,498,201,24,13,39,72,110,117,245,8
2725487810,2,74,112,75,113,110,223,18,64,4,107
2725389507,2,102,16,498,25,150,14,429,107,75,61
2727658697,2,223,18,13,45,2,41,115,421,14,15
2725414091,2,59,268,126,18,412,54,120,34,223,110
2725881039,2,12,81,28,245,75,412,3,110,164,107
2725872850,1,30,14,76,53,119,45,254,110,240,12
2728215769,1,121,42,40,18,126,23,117,72,61,96
2726175966,2,24,18,76,101,111,9,51,55,58,40
2726814947,2,51,12,113,78,245,201,8,59,96,236
2725561572,2,92,76,42,98,21,13,102,202,223,164
2725758184,1,121,201,119,136,31,25,18,13,68,113
2726208750,1,122,43,268,72,498,58,69,35,222,26
2725356791,2,72,53,163,516,18,2,41,40,51,42
2725954809,1,12,157,19,14,42,121,18,131,201,58
2725463306,2,25,67,3,57,113,421,4,412,429,23
2725119253,2,107,498,432,238,17,142,107,254,25,55
2727478556,2,245,110,113,13,201,107,236,48,498,497
2725889315,1,68,3,18,19,40,429,240,412,8,64
2727134502,2,13,112,432,91,18,23,201,3,121,81
2728002860,2,245,99,43,126,81,27,238,110,117,19
2725193006,1,77,7,25,14,119,107,50,18,16,61
2728330544,1,44,69,28,164,157,163,64,54,40,18
2726143281,2,20,50,223,412,67,50,110,117,114,64
2725881138,2,67,11,40,84,91,3,20,202,5,114
2727372092,2,72,8,3,40,498,201,14,20,18,126
2726643006,1,64,99,110,117,39,40,101,81,35,27
2725340483,1,40,19,92,268,18,516,432,498,134,33
2725111125,1,421,41,63,69,119,3,12,107,61,81
2727265624,2,41,113,96,267,163,24,8,112,498,40
2727347546,2,37,2,76,96,3,40,72,18,78,105
2727003483,2,107,37,101,81,150,61,12,106,420,498
2728224109,2,24,164,40,4,498,421,18,13,114,412
2725029229,2,141,40,69,119,27,24,18,201,114,13
2727019896,2,29,53,154,8,114,13,40,427,31,18
2727765369,2,53,51,39,121,8,7,201,126,154,18
2725602684,1,164,53,81,72,42,201,14,24,15,61
2727527808,2,110,27,3,26,107,245,51,13,143,164
2728289666,2,85,13,24,18,37,107,432,126,27,202
2726012293,2,164,98,110,19,91,161,254,81,12,85
2726102409,1,17,51,12,157,236,164,5,4,223,15
2728822157,2,90,141,164,498,16,57,131,412,81,9
2727232914,2,51,25,64,268,24,119,113,12,14,13
2728584598,2,101,68,113,498,40,18,13,203,36,44
2727757209,1,96,34,223,154,164,498,113,117,27,126
2725848473,2,76,81,13,122,3,5,150,51,12,136
2726692255,1,113,498,497,238,27,91,121,201,51,14
2726700448,1,25,50,81,20,17,13,113,24,497,498
2726946224,2,8,81,497,120,55,9,268,14,121,110
2728461744,1,7,99,92,164,202,15,421,150,45,26
2726159806,1,3,81,24,238,240,53,26,19,82,164
2728691136,2,25,24,18,42,92,432,222,268,20,420
2728715714,2,498,163,421,497,50,25,114,110,28,69
2725447113,1,81,19,115,82,53,18,103,44,121,41
2728371665,2,76,150,79,110,112,67,43,40,20,24
2725389782,1,18,45,164,117,14,40,27,498,35,30
2725692887,2,64,267,68,110,157,14,141,40,51,45
2728805852,1,92,63,238,33,202,141,150,45,497,498
2725717468,1,11,40,67,245,75,77,3,110,412,163
2728510944,2,18,20,69,223,54,3,12,421,110,161
2727085539,1,238,35,84,143,67,202,111,11,50,99
2727413236,2,157,40,42,154,81,141,41,222,43,112
2725529077,2,516,136,76,119,267,51,164,13,64,63
2728846844,2,421,161,163,516,15,497,72,134,114,498
2725979655,1,24,3,15,117,76,64,63,81,43,14
2726684170,2,18,75,115,53,113,117,67,13,154,14
2727273998,1,117,54,43,67,107,14,114,33,81,53
2725299728,2,50,202,64,1,103,90,429,122,72,43
2725733906,1,27,40,90,203,81,63,45,110,164,107
2728748567,1,112,110,31,40,113,27,13,72,81,63
2727560727,1,498,267,31,72,23,236,113,34,25,13
2726184477,1,432,14,121,131,18,222,69,25,35,150
2726077983,2,498,23,412,24,112,54,254,13,15,25
2726676013,1,89,81,8,9,41,126,30,18,245,60
2728683070,2,164,13,110,98,69,99,432,72,266,81
2726725186,2,81,25,9,24,38,14,15,20,43,13
2725750339,2,63,19,8,15,3,498,38,120,497,1
2727560774,1,240,113,268,497,498,40,245,150,18,19
2725119560,1,63,69,141,50,119,236,516,24,98,99
2725586520,1,245,13,76,498,497,421,131,163,18,40
2727667289,2,18,134,150,48,164,81,201,43,141,14
2726069853,1,106,25,1,14,18,3,64,222,37,24
2727339614,1,429,12,17,24,163,110,201,157,60,101
2728756832,2,113,27,12,67,268,432,81,45,154,14
2727028324,1,201,96,13,164,78,42,39,37,63,51
2726938230,1,8,92,72,40,110,164,37,498,105,121
2728298107,1,58,136,64,432,18,27,164,238,497,498
2728330878,2,498,27,25,85,24,84,81,19,40,161
2727528064,1,24,53,106,51,50,92,429,45,267,58
2728216197,2,38,54,18,43,76,110,42,24,113,40
2726717061,1,61,150,222,40,120,117,3,24,78,18
2727732874,2,51,55,50,53,236,89,67,157,64,84
2726258315,2,9,75,12,238,15,498,40,266,141,38
2727126672,1,141,222,80,4,22,8,115,64,498,161
2726282898,1,63,81,28,92,157,41,498,50,497,421
2725217939,2,107,412,30,8,67,81,40,17,78,13
2725021339,1,13,107,202,9,266,114,110,40,141,112
2727659175,1,429,412,3,141,85,72,8,18,201,45
2726897320,2,222,68,13,19,267,17,90,24,40,18
2728830633,1,420,61,20,110,163,117,498,14,68,11
2727151274,1,81,412,58,101,121,51,240,117,24,13
2725357232,1,121,74,16,110,240,19,18,13,14,432
2728412849,2,498,497,98,69,121,119,154,13,113,41
2725742258,1,498,238,8,14,245,24,429,103,412,68
2725398195,1,101,117,18,83,154,119,39,203,13,25
2726151858,2,201,81,126,2,142,24,498,497,99,92
2728167094,1,117,20,240,55,51,63,54,19,238,110
2728199863,1,21,43,121,27,50,51,25,126,3,164
2726479541,2,201,96,157,117,53,51,114,29,131,105
2728486586,2,101,267,24,114,498,420,20,7,67,25
2728445637,1,76,69,12,150,18,432,81,41,19,13
2725455557,2,40,18,23,268,28,201,126,81,136,421
2725308105,2,13,21,161,107,72,61,43,96,14,154
2727257824,2,48,267,28,81,134,119,44,50,24,34
2727184097,1,119,106,61,223,14,18,121,12,45,41
2728216290,2,81,267,82,69,9,67,223,113,34,150
2727569126,2,51,163,107,68,117,19,136,92,14,119
2728781542,2,33,114,498,432,112,42,81,79,16,54
2728576753,2,421,498,38,497,236,19,8,13,81,25
2726971131,2,498,56,4,117,27,18,112,267,114,421
2725644027,1,18,13,421,98,17,19,14,107,142,29
2727397123,1,103,58,12,498,24,44,80,55,154,18
2727659268,2,154,63,44,81,164,113,12,134,18,24
2728371983,1,11,4,516,498,412,164,105,12,20,18
2728462102,1,41,13,113,51,43,96,236,25,76,8
2727298839,1,98,412,81,266,45,432,113,103,516,222
2725267225,2,110,267,31,72,41,55,79,40,81,39
2728560410,2,13,14,110,40,104,81,201,126,106,68
2725201691,1,89,254,81,41,112,34,20,429,12,150
2728298275,2,113,75,3,81,136,14,43,154,112,119
2725627687,1,51,43,164,90,106,19,89,142,41,114
2727003946,1,19,10,25,58,51,99,498,245,92,154
2726479661,1,136,3,67,40,154,81,131,134,412,245
2727126832,2,78,154,163,110,143,13,25,113,14,18
2728404793,2,110,154,134,53,92,76,114,51,412,164
2727438145,1,26,7,5,222,74,13,107,236,99,92
2726094662,1,154,114,51,267,42,122,3,110,40,77
2725914441,2,41,98,4,432,222,412,141,91,110,85
2725766995,1,107,12,131,54,18,41,28,126,110,161
2728838998,2,63,14,25,81,105,119,421,12,268,24
2727593818,2,163,412,18,92,59,80,81,24,267,113
2728560474,1,164,35,9,42,119,96,412,203,38,41
2727053159,1,19,40,27,51,42,50,44,72,18,55
2725431143,2,107,119,117,11,136,50,40,15,77,68
2726143851,1,44,64,92,31,81,9,223,50,14,18
2725439340,2,121,24,136,44,119,131,516,267,96,107
2727176047,1,131,223,110,121,14,13,107,96,117,164
2728683376,2,13,40,20,51,6,110,432,92,163,72
2727241584,1,67,58,76,30,154,68,107,103,53,236
2727438207,2,112,81,267,14,24,61,92,19,498,40
2725414787,2,121,24,117,268,498,57,26,2,4,18
2727282564,1,4,59,498,40,78,117,119,421,105,41
2726446988,2,25,3,107,245,498,80,58,157,201,18
2727389077,2,13,24,222,113,40,2,143,126,18,3
2727323541,2,498,37,126,13,72,81,112,19,497,68
2725390248,2,110,267,164,105,59,412,68,77,245,96
2728667049,2,81,113,3,157,99,55,107,40,75,81
2726799281,1,24,81,121,143,13,498,20,23,201,61
2725226424,1,27,136,53,81,106,103,86,119,35,117
2727053240,2,77,110,53,164,81,102,61,101,268,51
2728314816,1,92,24,25,12,18,51,412,75,268,113
2727880661,1,202,238,50,12,4,51,141,79,39,25
2726545367,2,45,3,201,222,77,40,51,76,98,80
2726201307,1,81,421,117,164,45,113,112,13,498,267
2726832095,1,80,103,40,22,32,143,72,13,110,3
2725849055,2,59,112,150,498,143,84,13,63,432,222
2728749027,1,24,92,161,201,18,51,43,91,34,64
2728159204,1,81,267,142,35,223,110,72,164,63,105
2728421360,2,14,99,121,432,498,45,25,81,3,113
2725816307,2,59,8,498,2,267,58,432,81,141,136
2726127603,2,7,23,25,121,18,26,81,13,41,107
2726709240,1,28,3,432,164,15,127,150,18,412,64
2728241149,1,81,3,267,14,154,421,53,18,27,105
2725464065,1,3,267,81,141,150,201,18,154,90,98
2728355843,2,21,267,92,112,48,72,12,51,8,27
2726684682,2,429,20,201,114,13,12,41,421,61,18
2726733837,1,45,72,498,497,14,223,19,57,38,81
2725300243,1,107,99,102,63,18,45,41,26,222,64
2725349410,2,157,20,164,497,15,55,236,24,40,421
2727405617,1,27,268,421,16,18,28,51,131,92,117
2725652531,1,245,13,164,81,25,143,222,60,114,157
2728773683,2,18,39,53,50,245,19,81,54,112,99
2728634424,1,114,245,96,106,40,13,101,154,41,81
2726578232,2,14,40,18,254,245,4,72,107,81,37
2728437819,1,114,20,143,131,18,102,112,267,81,14
2726938687,1,63,19,17,498,43,6,113,25,50,22
2725414980,1,103,222,19,107,117,14,99,67,25,83
2728151122,2,27,96,13,432,28,24,34,236,201,57
2725619803,1,26,268,9,51,420,121,16,57,81,163
2727544928,1,54,13,41,498,497,53,51,164,2,103
2728659057,1,31,161,51,164,59,222,16,92,43,64
2726553717,2,8,51,238,76,117,107,222,25,106,13
2725652601,2,18,40,122,24,131,113,17,157,67,267
2726733948,2,25,31,429,104,69,432,27,81,103,19
2727053441,1,43,421,13,14,222,114,121,51,25,131
2726455435,2,51,14,117,76,42,432,34,81,64,13
2728224915,2,96,69,40,9,164,163,121,117,6,110
2726258842,1,38,497,76,498,14,45,51,141,157,432
2728216747,2,51,92,59,40,99,54,48,4,81,12
2727553203,2,72,432,245,4,498,266,19,13,51,267
2725226678,1,101,498,16,122,154,20,202,25,112,39
2725644471,2,81,8,163,44,72,113,42,99,51,10
2727200956,2,30,81,40,92,154,18,44,69,24,120
2726676669,1,19,126,18,223,14,154,134,81,24,26
2725939393,1,498,8,27,20,44,14,222,30,223,102
2725365955,2,11,107,117,96,50,498,267,28,107,142
2727233731,1,268,121,43,420,119,114,498,497,236,9
2728618181,2,117,37,103,50,104,51,17,127,238,35
2727291079,1,268,412,122,32,81,113,18,245,53,24
2727045321,2,63,24,21,91,92,13,497,121,498,14
2727348427,1,4,6,117,24,18,3,202,41,412,106
2727225548,1,34,164,267,119,72,498,50,117,92,113
2725415126,1,23,113,245,429,201,164,136,12,121,81
2728577242,1,3,63,18,113,164,222,7,72,106,50
2727676123,1,164,223,498,154,157,497,81,113,34,14
2728544478,2,154,266,50,25,67,45,113,164,12,81
2728118495,2,18,40,68,90,20,31,498,43,2,41
2726455520,2,92,38,9,107,81,64,117,27,13,18
2725619937,2,163,133,498,63,13,131,497,421,18,126
2727454944,2,24,245,117,80,222,81,12,14,20,8
2726824166,1,81,14,40,163,120,114,90,113,497,498
2728298733,2,81,4,201,164,50,150,238,28,497,498
2728290542,1,498,103,412,164,5,114,63,163,24,18
2727397614,2,157,110,412,14,154,268,24,18,117,121
2728814832,2,412,163,110,33,240,40,119,101,113,164
2725857525,1,81,25,24,240,3,13,102,161,18,26
2726619384,2,40,4,72,122,51,115,37,27,24,18
2725792003,1,161,3,107,92,110,8,131,9,40,67
2725824777,1,50,122,9,59,117,236,1,106,107,25
2727061775,2,267,42,18,141,164,13,53,81,106,6
2725693713,1,14,136,64,81,9,61,12,50,421,18
2725595417,2,427,29,68,117,245,101,67,89,72,150
2726553883,2,31,7,497,107,498,104,432,51,14,69
2727381275,2,37,3,119,59,27,25,421,14,13,96
2728675613,2,67,8,25,121,92,201,113,27,110,45
2728462622,1,3,126,43,102,110,112,99,111,107,81
2728405287,1,26,64,119,14,105,421,497,114,498,13
2728479016,2,24,3,41,81,16,117,76,14,18,163
2727020839,1,13,122,99,64,245,19,222,143,41,38
2726857004,1,59,22,24,3,161,17,81,45,44,254
2728446255,2,91,432,136,119,106,164,136,102,89,51
2725898550,2,89,30,107,24,18,92,103,113,222,201
2725513528,1,112,432,81,106,27,238,9,31,18,412
2726586683,1,4,14,497,24,498,117,421,42,18,3
2725620033,1,72,81,112,14,432,154,23,51,99,25
2726447431,2,102,21,50,67,267,110,64,76,92,63
2728364360,2,27,498,31,40,245,14,110,267,7,72
2727446865,2,15,38,42,44,421,27,63,498,106,8
2725947739,2,13,14,43,67,28,117,4,55,96,254
2727324003,2,498,126,40,2,4,17,161,19,18,13
2727430512,2,115,117,131,498,107,119,27,267,121,245
2727151986,1,18,76,34,98,420,42,21,60,14,412
2727717245,2,40,18,41,69,141,13,117,421,96,77
2725669245,2,51,117,154,112,92,61,113,497,157,498
2728462717,1,141,55,39,81,223,107,240,12,150,110
2726889857,2,267,80,14,498,105,131,51,113,68,497
2727750018,2,81,201,78,112,164,25,40,107,113,498
2725456258,2,67,99,37,107,51,117,64,67,54,142
2728692102,2,41,245,201,96,64,163,81,8,432,76
2725357963,2,107,103,10,267,42,106,1,119,127,61
2727004556,1,76,68,143,236,201,81,121,112,16,24
2726799758,1,19,78,61,51,432,5,131,22,13,25
2725734801,2,110,154,238,8,432,85,78,12,81,164
2728110491,2,8,121,51,26,236,143,13,64,157,58
2728618401,2,67,64,223,13,39,498,497,114,126,72
2726758829,1,59,110,40,69,131,117,19,78,9,222
2727143853,2,59,136,412,68,236,18,63,57,134,107
2727578035,2,142,12,107,31,51,50,201,92,28,96
2725194166,2,143,92,35,67,106,157,63,25,18,85
2726005176,2,19,498,8,92,497,412,107,58,20,105
2728561081,2,43,107,18,14,117,497,498,19,3,1
2727168452,1,117,222,72,101,150,113,119,163,39,40
2728364497,2,101,28,31,51,112,120,161,267,498,150
2727061978,1,27,20,107,99,222,236,238,37,268,72
2728315358,2,14,121,63,236,69,27,30,141,25,51
2725382623,1,121,150,61,117,110,81,102,164,105,43
2728462815,2,238,63,76,92,81,92,429,112,63,106
2726808030,1,24,143,201,51,75,121,67,112,432,14
2726169064,2,41,17,40,102,18,103,122,72,51,201
2728798702,1,164,141,12,163,119,44,27,110,61,113
2727668206,1,164,16,27,103,15,44,18,106,141,69
2726013422,2,157,202,516,76,115,222,121,412,63,41
2728118780,1,45,154,164,498,497,107,516,101,25,18
2725538302,1,60,99,39,18,79,9,164,29,53,112
2725751296,1,68,121,18,432,134,222,412,61,39,28
2728733190,2,16,238,119,74,11,36,202,107,117,16
2726775306,2,164,42,498,64,497,13,12,35,80,110
2727225870,1,45,51,421,23,25,54,412,18,2,13
2728348174,2,58,59,201,222,42,81,50,3,203,12
2726816285,2,18,201,13,143,154,38,72,78,25,51
2727086622,2,50,63,15,77,30,53,154,13,222,92
2728200736,2,254,34,14,92,429,44,81,122,60,69
2728217126,2,421,63,51,150,245,14,412,79,34,110
2726021677,2,16,67,24,4,91,50,136,18,19,63
2727004720,2,89,18,76,112,59,41,40,55,21,154
2727021109,1,245,24,18,266,40,76,498,497,42,41
2728569410,2,58,81,201,106,163,40,34,51,4,131
2728700487,1,99,38,117,164,76,68,8,497,254,498
2726701644,1,267,38,92,64,29,63,43,56,3,498
2725554767,2,51,15,63,113,240,8,498,24,134,497
2725022297,2,117,20,110,268,3,498,57,238,203,79
2727332443,1,25,106,99,119,75,110,236,54,432,102
2725317220,2,121,13,110,12,150,107,8,25,81,26
2727168617,1,8,14,24,43,51,42,28,119,143,240
2725833322,2,19,18,90,7,107,25,1,54,150,67
2726963821,2,72,131,498,164,98,110,13,61,59,12
2728225393,2,8,421,429,412,4,119,98,7,141,14
2726472317,2,164,69,121,81,117,26,236,29,64,161
2728217219,2,24,40,81,55,41,236,37,119,112,19
2725390980,1,141,41,105,80,59,107,51,161,8,50
2727070357,2,107,86,50,22,99,67,1,32,37,92
2726840984,2,53,113,23,61,4,40,51,421,103,240
2727316126,1,117,106,101,126,498,43,19,4,41,81
2728233631,2,18,131,50,76,121,37,28,126,429,114
2726587038,2,412,57,157,19,15,17,42,113,110,12
2726947489,1,498,107,245,42,40,18,13,113,14,267
2726709920,1,51,68,45,25,141,3,119,14,121,40
2725431974,2,432,4,222,19,13,202,91,203,136,497
2728168107,2,8,35,31,51,43,61,498,24,497,28
2727889580,2,254,498,13,34,117,150,18,69,40,107
2725210814,1,18,12,114,24,69,110,89,103,98,107
2728528585,2,64,117,50,3,51,121,42,18,84,223
2726677194,1,142,107,121,115,63,81,18,34,84,120
2727348939,1,238,27,72,18,89,63,81,516,126,28
2727381719,1,40,120,67,41,13,79,3,81,24,78
2726546135,2,1,35,202,63,39,222,103,19,58,53
2726873815,2,50,60,268,222,101,99,98,254,18,141
2726554327,2,26,164,81,24,110,3,117,29,126,121
2728094430,1,81,34,120,201,114,24,107,13,63,15
2725915366,1,110,126,40,38,19,41,81,223,3,24
2728659687,2,18,201,13,64,106,19,69,223,29,92
2728725228,2,61,421,114,154,18,92,81,79,117,103
2728635121,2,113,21,53,58,38,142,37,421,15,164
2728184567,2,90,89,3,51,40,22,131,53,106,75
2725563135,1,13,81,150,40,19,498,164,267,142,79
2727062295,2,157,24,498,117,3,69,78,67,121,25
2725604127,1,82,163,5,497,96,236,51,117,59,142
2728323872,1,96,117,136,24,131,9,121,27,38,81
2728397601,1,72,81,16,98,136,119,13,154,40,14
2727291682,1,5,14,13,110,23,164,121,51,101,12
2728209195,2,141,498,201,150,38,113,432,119,3,23
2725112632,1,136,223,15,120,9,112,28,81,412,75
2725817148,1,498,238,497,72,17,154,161,223,92,18
2728037194,1,12,48,121,18,4,223,14,13,498,24
2728422222,1,164,81,50,24,432,113,37,92,222,3
2727734102,2,24,28,40,99,498,103,81,122,12,64
2725636953,2,21,143,42,163,107,98,498,245,236,164
2727562075,2,107,67,117,3,245,164,40,61,141,236
2725096288,2,107,53,427,78,30,55,157,82,9,99
2728528736,2,3,117,96,61,19,25,20,112,18,27
2727193442,2,59,245,3,157,238,41,27,164,45,202
2727078760,1,119,12,238,57,113,20,48,222,41,13
2726112107,1,223,51,92,19,13,24,61,18,236,12
2726898539,1,498,245,154,17,497,18,44,120,2,8
2728725361,1,20,245,51,122,53,498,238,67,16,141
2726947698,1,15,50,432,19,3,22,111,79,101,24
2726046582,2,24,21,63,19,131,268,40,27,96,107
2728782712,1,107,267,81,238,1,143,51,113,92,112
2725792637,2,20,50,117,51,8,13,245,110,12,41
2725391238,1,38,19,81,25,75,106,24,8,117,96
2725096334,2,62,9,110,136,412,81,12,14,13,20
2728225683,2,245,53,18,14,13,161,15,61,121,27
2726972310,2,432,3,106,236,51,105,150,498,113,43
2725628832,1,59,14,51,61,143,63,26,72,96,267
2727496624,1,103,117,110,14,24,3,432,81,91,17
2727644083,2,81,60,432,55,57,12,18,154,84,90
2726677433,2,14,121,157,18,25,202,72,245,48,16
2726546364,1,20,110,91,161,8,81,201,516,72,38
2728430527,1,25,105,96,41,24,14,154,18,69,44
2726603714,1,64,119,45,432,8,40,150,81,154,13
2726955973,2,68,69,98,497,498,25,126,18,113,61
2727070664,1,201,27,67,99,141,412,30,81,24,14
2725866443,2,85,18,8,76,432,110,69,14,40,141
2726161355,2,63,48,39,110,101,113,13,432,15,164
2727447502,1,498,203,7,497,30,201,106,112,18,113
2726726606,2,421,117,164,8,222,14,432,412,81,13
2725604308,1,105,25,19,57,81,51,4,113,267,14
2726128604,2,110,28,6,53,84,114,3,141,81,267
2728020958,2,267,17,69,81,64,40,154,14,110,85
2726644705,2,81,41,17,134,90,119,164,163,40,78
2727160804,2,76,13,81,98,150,497,498,112,50,121
2726079467,2,421,26,54,81,245,72,42,25,51,131
2728209394,2,11,18,57,37,83,122,13,60,117,222
2728643583,1,24,18,3,28,16,72,41,45,117,51
2728356870,2,150,76,51,44,74,498,131,497,121,14
2725194760,1,266,37,29,121,161,106,105,27,12,18
2727275543,1,112,161,51,13,72,15,141,157,34,40
2728455194,2,18,157,25,61,113,150,498,12,59,45
2726022178,2,107,150,25,45,119,122,12,141,81,7
2728741935,2,432,104,131,498,164,110,150,13,201,64
2727201847,1,164,110,24,201,8,114,31,106,51,432
2728365112,2,12,110,64,26,122,81,150,40,154,13
2725358654,1,23,412,103,18,78,202,268,28,432,24
2728504383,2,121,236,201,114,61,81,40,421,268,27
2725383233,1,201,164,61,203,126,412,107,54,498,99
2727881793,1,18,99,112,117,51,245,61,432,222,27
2725710911,1,76,18,17,90,82,39,8,432,202,92
2728397892,2,42,96,3,37,141,121,38,412,24,51
2728479815,2,429,107,79,50,25,22,127,114,113,412
2725784648,1,497,18,136,27,4,81,432,421,57,163
2728176714,2,23,24,51,84,63,92,64,161,3,81
2728504404,2,54,45,498,60,37,18,2,61,114,98
2727595093,2,110,267,126,79,64,39,51,245,76,143
2728348767,1,17,53,59,51,134,41,21,40,103,245
2726825060,2,117,50,18,113,57,92,55,121,29,25
2725268582,1,497,498,27,13,113,90,14,59,8,21
2728815724,1,91,81,113,163,43,114,427,12,67,101
2728184949,2,53,81,112,122,64,25,107,51,14,38
2728602753,1,56,40,154,498,497,53,141,126,98,18
2725915783,1,9,161,119,41,105,267,157,112,59,51
2726710407,1,81,14,19,53,134,18,126,38,223,245
2726866061,2,114,110,40,3,104,18,4,35,25,14
2727627925,2,421,131,18,45,14,12,81,3,19,157
2726661275,2,25,121,96,4,27,105,72,112,498,201
2726726815,1,41,126,76,110,223,14,498,72,13,40
2727029920,2,203,110,38,126,40,267,420,19,81,8
2728783008,2,113,98,114,498,43,81,84,57,59,40
2728406190,2,222,245,4,117,83,14,12,141,82,18
2725842096,2,54,110,266,38,107,28,63,236,58,18
2725825716,1,19,14,201,61,51,107,7,498,26,420
2726071478,2,164,223,222,39,4,136,81,150,77,26
2728496324,2,68,90,19,267,498,13,429,236,59,12
2727627978,1,12,164,222,50,28,78,121,21,17,50
2727881934,1,245,26,498,114,72,110,45,421,14,117
2727570639,1,27,154,268,497,498,113,45,81,40,164
2728750286,1,111,266,412,81,103,40,498,236,203,34
2726169809,2,33,432,27,21,105,201,498,114,72,112
2727267549,2,154,4,119,26,68,2,412,113,18,42
2725833951,2,81,12,13,245,14,18,223,154,131,103
2725784800,1,117,27,154,110,55,17,157,28,37,51
2728357088,2,99,30,498,117,64,40,81,112,76,14
2726169825,1,80,13,60,10,222,9,238,497,50,21
2725842163,2,24,117,41,81,136,51,50,85,421,43
2728463604,1,51,40,420,154,163,18,43,14,32,63
2725686519,2,43,51,54,3,59,64,14,498,7,12
2728529146,2,92,61,254,267,18,201,13,236,41,76
2728742143,2,14,72,69,81,12,40,48,15,421,101
2727275776,2,23,12,18,38,72,497,42,498,19,54
2728471809,2,51,27,12,59,91,154,51,61,37,75
2725530891,2,104,91,110,267,50,63,9,18,432,27
2728848654,2,81,25,164,2,101,13,63,54,37,498
2726948117,2,53,42,429,266,113,67,114,267,254,85
2725440789,2,38,102,164,22,40,41,117,96,203,136
2725604635,1,14,432,18,121,42,107,412,67,99,58
2726276380,2,38,19,81,201,164,15,45,25,14,254
2726710563,1,37,96,114,69,28,164,29,13,223,2
2728291621,1,110,154,42,412,92,107,18,12,35,143
2726710569,2,53,112,9,122,110,51,164,13,154,412
2728766767,1,54,40,254,7,51,8,106,245,67,40
2728578351,1,15,20,39,12,13,432,24,61,27,498
2727251257,1,13,18,43,421,69,498,31,34,24,497
2725252416,2,107,412,101,157,81,19,14,119,432,245
2727120193,2,113,13,110,497,164,92,79,223,238,96
2728193349,2,34,412,64,81,41,42,40,51,86,164
2726145357,1,18,38,64,78,432,12,202,268,245,24
2726055248,1,267,110,55,78,24,236,14,59,63,3
2725227859,2,113,58,223,15,13,240,19,40,18,101
2728226153,2,43,114,163,72,51,106,90,18,107,117
2727472495,1,81,44,72,131,266,12,245,23,13,498
2726972785,2,43,157,40,96,120,164,14,113,18,101
2725653877,2,18,25,64,54,8,267,141,67,84,39
2725432700,2,76,268,81,412,236,10,51,40,57,64
2725350786,2,44,81,61,420,120,18,40,92,113,45
2727021960,1,101,12,18,77,57,164,201,39,136,498
2725481869,1,107,432,119,131,62,117,114,64,67,4
2728381841,2,27,18,121,69,40,78,119,8,64,99
2728349083,2,98,51,141,1,8,240,143,81,61,154
2726661531,1,117,92,119,113,4,25,72,110,27,61
2728005041,1,157,141,13,18,412,164,107,63,38,81
2725711286,2,14,107,84,119,16,157,122,12,202,76
2728152510,2,41,7,236,40,121,18,54,120,31,9
2728005056,2,18,238,8,412,9,17,25,5,37,236
2727554503,2,150,25,3,110,35,120,267,245,18,136
2726456780,1,53,119,236,72,268,89,41,20,45,42
2727300556,1,267,3,18,19,23,55,16,36,51,421
2725645775,1,164,432,81,157,50,222,62,61,106,98
2728398292,2,432,163,126,154,18,80,14,101,498,113
2728652253,1,51,64,69,14,161,112,154,27,117,18
2725752290,1,40,3,72,238,110,498,497,61,266,107
2725809637,2,11,91,40,14,119,24,432,157,69,110
2726137351,2,107,81,68,236,432,112,114,51,26,121
2727292431,1,432,13,67,92,121,14,72,69,18,126
2726776335,2,236,412,164,61,107,119,34,14,122,23
2728316437,1,25,85,110,113,238,76,81,117,43,39
2726448672,2,133,63,51,13,107,72,110,103,31,126
2725301794,2,102,31,7,202,99,29,412,23,79,112
2725269031,1,161,498,136,75,28,69,30,64,412,119
2725899820,2,110,236,432,9,114,120,13,498,92,43
2728668725,2,19,69,27,96,43,103,7,60,18,164
2725432899,2,117,222,72,240,142,107,201,13,81,14
2726932042,2,61,412,13,81,254,3,96,53,24,121
2726645323,1,75,92,18,13,16,86,25,119,112,154
2728341071,1,131,30,5,18,412,81,103,40,154,122
2726653529,1,59,98,498,4,19,13,121,117,6,110
2725817954,1,50,161,51,24,53,18,154,8,131,12
2728382057,1,9,61,107,18,27,240,498,99,432,203
2726989420,1,202,74,141,16,24,412,107,69,51,136
2725678700,1,79,44,67,268,107,72,236,81,58,143
2728390260,1,201,5,498,107,101,51,143,41,421,112
2727767669,2,8,24,113,412,429,39,254,90,15,40
2728447607,1,131,114,26,51,120,24,99,14,16,498
2727644800,1,107,8,201,110,101,121,14,90,81,89
2728349319,2,44,54,72,63,51,19,16,75,13,96
2728889993,2,106,412,110,3,14,222,223,92,72,101
2728865424,2,25,122,13,67,37,4,51,154,14,412
2725531281,2,51,26,2,268,76,64,15,92,61,12
2728242833,2,43,81,42,150,72,53,110,19,41,99
2727603866,1,268,20,114,51,40,113,29,163,14,201
2726997659,1,498,40,27,121,82,44,3,24,81,150
2725629602,2,107,99,53,84,236,64,107,110,142,60
2728095407,1,17,131,51,25,72,13,8,24,40,67
2727014068,1,141,50,119,412,78,163,150,59,498,432
2725506746,2,81,99,117,91,72,31,51,112,41,25
2726096571,1,223,64,50,25,21,110,432,113,134,39
2725555900,2,117,38,78,106,67,497,131,27,498,427
2727538366,2,35,42,40,67,68,55,51,201,13,104
2725908166,1,76,61,236,107,267,202,11,99,126,142
2726162118,1,107,96,117,82,7,24,141,89,245,222
2728644301,2,51,80,14,42,59,40,15,20,163,31
2725293801,2,3,18,117,33,58,40,157,498,72,6
2725375724,2,498,13,154,16,92,110,113,40,69,98
2725383922,2,136,18,63,41,40,92,19,89,110,74
2728095482,2,110,92,19,245,143,38,121,40,98,498
2725236476,2,59,61,14,81,6,63,114,497,1,498
2728439559,2,110,40,38,86,107,17,55,267,59,67
2726154002,1,16,15,421,14,99,24,35,131,21,63
2728431382,2,412,498,157,92,64,498,236,92,497,11
2725203737,2,107,18,201,136,41,121,14,40,110,34
2727554842,1,164,105,5,40,110,498,117,25,41,24
2727751459,2,121,81,161,14,117,69,154,498,114,497
2727210789,2,245,120,101,498,40,78,69,110,497,107
2725490478,2,412,96,55,64,92,136,117,18,76,24
2726850351,1,201,76,8,51,39,96,20,497,91,13
2727923506,2,432,254,51,122,38,13,81,150,63,64
2727685940,2,41,119,267,136,121,126,4,9,117,51
2728546105,1,61,498,16,240,106,24,113,103,18,98
2728726334,2,102,27,3,110,64,99,64,12,114,119
2728390465,1,12,4,164,51,84,96,201,41,117,61
2727767873,2,131,12,107,51,24,117,107,41,103,51
2725334853,2,122,60,42,98,51,245,40,498,141,14
2727309143,1,20,24,43,222,112,3,19,17,40,18
2727751513,1,40,110,64,26,92,427,51,14,245,53
2725293921,1,150,7,154,110,99,27,101,40,96,59
2728341345,1,25,120,81,38,164,14,112,51,13,92
2726809443,1,154,236,29,40,27,121,18,30,62,53
2728718181,2,24,245,106,67,44,63,164,150,18,3
2727620456,1,107,55,67,1,420,20,107,268,39,267
2725375854,1,126,34,40,110,19,163,85,498,59,98
2728398702,2,40,51,150,34,24,222,41,268,117,113
2728406896,2,15,266,43,103,106,37,24,498,92,112
2725621617,1,164,40,13,18,64,134,67,497,76,41
2725638001,1,14,18,121,16,101,110,268,59,12,41
2726449009,1,157,117,67,50,203,112,77,222,107,37
2728529783,2,154,84,110,23,25,27,412,20,498,8
2725826424,1,81,40,19,92,42,15,45,41,121,432
2725990265,1,110,432,19,78,131,9,498,3,72,24
2725367675,1,55,107,117,81,24,119,98,421,54,61
2728759168,2,420,61,99,421,18,13,14,25,19,498
2725687171,1,21,54,26,136,113,9,41,4,18,154
2726285190,1,110,69,117,91,113,119,79,4,412,8
2728316817,1,91,201,81,68,120,34,121,27,26,498
2727268250,2,23,498,38,497,107,9,81,201,39,101
2727751583,1,157,81,98,141,4,121,92,268,498,201
2727554977,1,150,131,28,429,412,69,75,201,76,51
2728800165,1,14,13,121,498,12,150,36,81,268,201
2725277608,2,63,81,131,72,41,119,163,12,420,245
2726039474,1,121,42,498,23,40,57,163,35,432,81
2727882676,2,14,63,154,81,112,164,163,114,40,110
2728652732,2,8,117,19,18,57,69,92,59,51,40
2725867461,1,136,498,114,76,497,18,72,25,27,30
2725564375,2,53,17,24,7,429,18,44,154,23,163
2727194590,2,412,7,59,429,78,122,40,154,18,30
2725212137,2,126,16,245,121,81,55,24,51,3,63
2727063532,1,25,41,103,119,60,432,164,50,107,51
2727350261,1,81,421,201,86,50,63,154,13,112,119
2725335035,2,121,99,23,92,412,498,117,24,115,114
2725539851,1,110,7,24,114,43,498,53,23,136,121
2726842381,1,18,98,112,106,24,57,102,201,8,222
2725277710,2,24,90,16,1,37,202,99,105,6,35
2725228558,2,99,131,45,106,154,157,67,412,5,245
2727718928,2,86,60,117,3,67,69,154,44,122,119
2728366096,2,24,498,58,143,136,19,122,40,18,34
2725924888,2,16,5,75,112,29,2,43,18,45,163
2728153115,1,78,99,131,30,222,34,107,126,498,19
2726637601,2,41,24,99,119,44,40,498,68,19,8
2725589035,1,110,69,164,104,223,107,498,12,38,31
2728169531,2,112,15,245,14,40,126,498,8,107,201
2726752323,2,51,64,31,161,44,163,9,498,57,497
2726137929,2,432,20,81,42,154,24,61,53,14,119
2727637067,2,4,35,18,432,266,44,114,157,119,154
2727505998,2,126,110,412,141,105,432,106,121,30,236
2727718998,1,22,41,43,83,238,117,107,268,19,67
2727489624,2,61,18,201,121,27,92,154,119,55,432
2725662821,1,113,25,115,41,92,106,498,497,13,164
2728226921,2,14,18,412,42,113,432,5,21,7,164
2725204076,2,111,427,498,101,122,99,60,18,53,420
2726195308,2,21,64,74,117,107,89,84,99,106,498
2726793327,2,240,432,154,67,61,497,498,32,58,115
2725810289,2,254,136,81,412,14,3,17,18,40,154
2725621877,2,110,421,54,136,53,202,76,99,122,107
2726719606,2,107,40,13,51,164,421,78,55,498,25
2728194170,2,3,420,110,113,223,31,45,79,117,51
2728292480,2,498,28,75,40,50,69,12,164,81,80
2725261441,2,222,122,61,223,28,18,50,14,76,12
2726908035,1,30,24,412,15,14,164,154,18,25,105
2728415365,2,136,14,81,154,432,150,38,44,498,20
2728489096,1,122,51,80,18,23,236,54,143,99,12
2727522450,2,117,142,150,72,110,14,76,163,18,12
2728038546,2,112,113,6,119,497,25,238,58,19,110
2727653527,1,40,110,14,268,20,45,50,18,28,267
2728448155,2,12,15,72,122,245,63,25,266,201,18
2727227552,2,24,29,63,50,75,57,432,164,110,13
2725597352,1,114,432,50,18,72,81,113,112,122,98
2725245097,2,63,117,154,157,236,28,81,14,13,26
2727088298,1,4,201,51,50,141,223,126,110,136,11
2725859498,2,134,14,18,62,113,28,48,223,498,112
2725867694,2,48,92,13,53,15,498,497,50,114,24
2728095921,1,41,72,432,119,43,113,236,26,24,115
2728620214,2,40,121,63,39,18,117,81,80,13,28
2725818550,2,107,3,83,432,67,72,136,53,164,81
2726932664,2,92,412,121,22,38,12,114,13,498,28
2726613179,1,30,84,18,201,421,81,164,254,80,105
2726858943,2,12,19,42,23,119,18,121,432,163,13
2728718532,1,150,81,154,45,117,99,37,76,18,126
2726097101,2,23,245,154,222,26,18,14,421,68,69
2726113486,1,516,40,51,136,24,50,41,201,222,76
2725351630,1,421,14,25,131,51,92,136,99,121,498
2726187222,1,23,64,38,117,498,51,14,107,55,43
2728751325,1,36,18,121,50,53,268,14,81,24,40
2725753056,2,101,51,266,24,245,38,63,14,421,81
2727719152,2,115,8,81,14,24,34,18,12,150,72
2728612096,2,8,113,432,110,3,14,106,18,41,268
2728309009,1,110,25,74,121,126,120,37,163,78,18
2725851429,2,18,107,53,101,131,81,14,201,64,105
2726547750,1,81,117,24,15,14,103,154,41,223,429
2728276263,2,42,5,14,18,37,143,24,136,64,119
2728243499,2,16,107,14,110,136,84,161,59,117,222
2725753132,2,21,25,76,163,14,42,37,110,41,516
2726605100,1,164,254,40,119,69,18,84,497,113,8
2725810478,2,150,136,154,81,40,157,18,117,121,68
2728235316,1,497,114,498,421,8,45,24,113,53,236
2727104825,1,105,164,19,12,110,3,98,54,154,81
2726621497,1,14,201,498,27,254,18,24,111,141,13
2727424321,1,51,64,92,7,101,120,245,39,18,40
2725359938,1,19,112,80,107,81,412,103,54,498,24
2727588171,2,35,63,112,122,110,164,18,12,59,13
2728595789,1,105,164,48,498,497,122,18,201,154,163
2728153423,2,98,60,432,81,92,18,78,163,12,72
2726277464,1,103,74,62,51,223,61,432,119,164,24
2728325467,1,74,113,126,40,18,33,202,99,122,245
2726670686,2,122,107,201,67,157,18,69,164,63,141
2728554856,2,103,23,223,60,51,498,154,7,497,98
2725499242,2,126,267,81,61,164,498,10,497,13,35
2726809972,1,40,14,112,76,202,126,421,8,222,25
2726252921,1,117,51,60,8,50,18,84,72,432,14
2725097850,1,96,37,60,58,4,498,20,42,12,41
2725982589,2,60,72,267,67,17,35,57,1,202,117
2725237120,2,27,24,81,63,105,131,107,412,236,7
2726457732,1,141,63,111,498,267,107,60,432,67,103
2725876101,2,25,20,51,55,84,267,68,13,121,67
2727326090,2,117,81,150,77,3,40,68,84,113,18
2725573021,1,101,18,35,27,223,110,37,84,11,61
2726039969,2,24,412,13,498,78,18,164,223,69,14
2727006649,1,421,268,14,37,18,85,29,24,112,267
2726867386,2,122,35,498,163,16,412,119,3,121,27
2726556094,1,121,119,92,55,64,51,24,412,163,64
2728210883,1,92,44,131,51,19,81,84,201,142,245
2725261767,1,157,142,54,67,64,21,141,157,40,105
2728137177,2,18,121,37,115,164,267,13,76,27,236
2726621661,1,98,13,81,72,23,267,119,42,164,113
2725761502,1,27,136,72,18,12,63,55,110,14,121
2727318009,1,117,121,78,84,498,8,154,110,79,27
2727711230,1,4,141,126,81,12,19,40,110,68,236
2728727041,2,421,110,25,92,13,18,516,69,154,44
2726441483,2,11,498,420,223,106,51,114,20,497,99
2725753358,2,161,498,40,427,39,14,51,24,50,25
2727883279,1,89,84,163,106,22,267,113,115,122,110
2726834704,1,92,119,122,22,13,21,48,13,99,89
2726957589,1,121,110,122,13,223,92,1,62,236,99
2728153623,1,101,81,40,106,27,141,4,14,497,498
2725851671,1,432,14,1,121,122,45,26,84,35,51
2725769754,1,28,63,429,14,223,143,24,51,112,20
2725581342,1,18,27,154,40,245,105,497,31,498,102
2728800802,2,110,4,24,98,117,2,498,16,3,25
2725712426,2,498,24,26,114,90,61,81,99,86,141
2725507630,1,266,106,63,91,51,429,38,16,154,14
2725548601,2,266,28,12,18,61,45,25,41,72,81
2726122043,1,110,2,72,8,432,143,81,13,17,421
2726695483,2,106,3,117,222,113,22,4,72,78,412
2725335616,1,98,77,18,150,432,157,76,498,497,24
2728849986,2,45,101,24,35,18,110,3,267,117,29
2727547475,2,81,164,40,72,27,24,43,121,26,18
2728530517,2,40,54,421,13,51,41,113,81,201,61
2728522351,1,72,21,41,13,25,42,51,76,117,516
2726736497,1,101,150,81,40,107,134,154,201,18,126
2725401202,1,498,19,14,497,105,24,40,18,3,77
2725917299,1,51,201,131,27,421,8,223,41,63,18
2726015604,2,267,24,13,57,81,67,76,131,41,44
2727383668,1,18,141,55,267,114,119,40,3,150,59
2727563907,1,412,80,202,163,24,110,114,79,267,4
2726843012,1,81,69,3,12,72,134,76,25,17,119
2725507716,2,91,33,50,119,89,67,42,107,39,44
2728669835,2,117,28,48,61,429,142,7,421,18,164
2726703756,2,68,498,131,121,53,41,59,81,25,163
2727768725,2,69,3,14,110,72,25,114,18,141,42
2725974678,1,13,267,18,9,23,24,497,72,498,136
2727269015,1,126,50,18,14,164,90,58,412,119,76
2726597272,1,3,8,81,89,60,38,498,92,64,26
2725483161,2,17,63,51,16,9,245,119,412,141,122
2726761109,1,98,55,201,104,222,50,14,72,110,117
2728506023,2,498,268,3,107,92,101,44,67,222,72
2726884009,2,43,64,110,38,114,26,76,7,14,18
2726548143,1,21,38,201,17,113,81,34,154,6,78
2725720754,1,19,45,421,498,25,150,163,2,26,18
2725687987,2,136,107,222,26,164,21,13,9,421,150
2728858293,2,14,106,134,40,119,81,53,238,84,154
2725237429,2,121,432,18,134,14,240,201,34,19,429
2728686263,2,3,12,64,114,119,101,27,25,121,51
2725778106,2,81,107,432,127,122,134,121,12,41,498
2725368510,1,110,107,61,150,40,106,136,44,119,236
2726073025,1,27,119,64,50,12,98,69,117,96,107
2727604932,2,121,14,13,44,18,164,99,12,51,36
2725679821,2,121,34,267,112,67,16,119,90,421,50
2728432336,1,24,131,267,51,92,201,107,2,112,236
2727621339,2,110,40,92,32,117,119,267,107,122,3
2728350439,1,40,9,266,69,498,223,81,421,55,79
2727138026,2,117,39,104,115,110,34,164,25,122,18
2728547053,2,498,107,14,60,1,150,99,64,75,51
2726654705,1,150,19,115,12,498,67,53,13,2,64
2728702707,2,61,26,72,51,150,157,44,42,102,18
2725196531,2,19,14,136,18,40,63,498,254,98,412
2728604404,1,101,40,19,57,51,421,117,112,18,266
2728514296,1,51,412,421,38,164,245,78,63,12,222
2726777593,2,432,92,154,55,67,3,9,164,40,498
2725516028,2,28,64,163,106,119,427,107,103,75,96
2726712065,2,106,6,4,110,40,51,117,136,19,78
2728432386,2,267,92,18,19,112,142,28,12,80,110
2725524229,1,236,222,13,64,63,51,106,38,39,432
2726687495,1,131,117,4,121,222,38,51,107,57,26
2726441735,2,107,223,202,121,266,142,51,53,67,64
2725327629,2,107,50,81,25,161,120,24,18,99,267
2725376782,2,33,55,18,54,114,23,53,1,236,19
2726941464,1,3,117,27,59,81,113,4,126,40,110
2728686361,2,268,81,131,117,154,267,164,24,18,61
2725933848,1,53,18,136,122,28,497,150,121,498,45
2728833819,2,77,203,38,15,267,62,245,24,412,18
2725499676,1,72,81,82,12,150,20,103,41,25,222
2727039773,2,69,74,103,106,498,61,89,18,64,92
2728293152,2,61,14,40,498,421,163,5,57,201,222
2727228207,2,498,20,164,432,69,8,64,268,18,25
2725114671,1,61,3,27,113,110,143,115,58,202,72
2726130486,2,106,497,6,18,133,107,5,117,1,96
2725212986,2,420,268,81,245,26,164,150,98,96,38
2728538939,2,238,53,106,119,122,99,117,245,51,6
2728448830,2,27,64,37,81,103,25,161,35,14,110
2725516095,1,236,202,48,104,54,24,40,59,1,51
2725450561,1,44,119,9,98,69,13,27,497,107,157
2728211268,1,26,164,55,72,15,112,154,53,498,54
2725229389,1,43,75,102,119,99,412,112,120,67,92
2726851409,1,110,89,112,76,24,51,40,86,13,106
2725311316,2,18,61,27,113,63,16,101,15,240,64
2728842070,1,40,81,8,141,38,163,76,126,18,432
2727220056,2,268,17,267,21,107,245,498,11,497,122
2726785889,1,163,121,24,51,25,136,98,72,18,40
2725270371,2,15,72,115,14,20,142,122,67,50,9
2727375751,1,8,51,24,27,432,113,163,41,498,497
2725196687,1,43,6,3,498,35,18,245,107,164,25
2725499801,2,72,115,516,157,236,64,81,43,122,8
2728571804,2,421,92,51,143,13,104,99,27,16,119
2728457133,1,81,223,13,92,63,245,412,110,23,103
2728424366,1,15,117,14,72,38,40,113,48,8,67
2727064496,1,3,18,9,72,59,13,126,81,63,121
2727121844,1,8,40,154,81,245,59,24,164,18,42
2725909433,2,81,33,84,106,53,236,59,4,497,92
2727572414,2,267,81,41,63,51,164,16,33,202,50
2726859726,2,68,16,64,15,38,117,55,18,92,113
2726138840,2,114,18,19,12,105,81,8,223,24,14
2727408608,2,161,33,150,8,110,117,51,27,42,121
2725278690,1,497,19,240,55,498,101,202,43,14,5
2725884917,1,30,81,121,432,105,98,25,42,20,18
2726114295,1,31,412,121,7,81,20,202,432,105,24
2727392266,1,113,157,267,54,18,3,51,117,41,20
2725983250,1,143,117,72,498,236,53,107,9,114,51
2725843996,2,432,14,18,76,4,61,35,40,222,240
2725639197,1,27,81,112,24,40,164,26,44,421,18
2726818853,1,117,15,92,8,24,254,37,14,13,51
2728473643,1,497,24,75,498,13,23,80,1,42,22
2725884973,1,203,126,63,18,92,268,223,64,267,110
2725311557,2,51,64,34,74,57,50,38,203,126,9
2728653898,1,163,31,119,64,44,412,43,202,114,28
2727703628,2,498,497,131,8,121,64,24,40,112,51
2725844047,1,136,72,222,240,37,81,89,6,154,38
2727474265,2,113,81,106,267,268,498,28,245,17,25
2728465499,2,53,27,96,35,103,19,67,39,50,40
2725237857,1,112,18,121,25,74,498,161,122,113,63
2727457890,2,90,254,14,497,498,51,25,57,59,55
2728539242,2,67,497,14,13,421,117,58,99,154,498
2725360747,1,104,16,34,498,12,267,236,8,39,113
2725819506,2,203,126,80,222,117,429,12,31,154,14
2728768626,1,2,78,81,42,12,18,154,17,45,44
2726048884,2,81,43,154,92,61,421,432,119,105,20
2726663286,2,45,86,238,51,223,89,498,14,9,105
2725246072,1,27,67,19,12,31,3,432,236,24,79
2725540986,2,40,18,8,157,107,53,19,90,27,81
2727548026,1,85,53,64,18,163,432,50,236,157,114
2728547464,1,50,122,111,4,91,98,63,81,268,11
2725917841,1,105,81,223,107,27,18,12,421,92,136
2728719512,1,51,432,34,240,24,141,42,236,267,92
2728596634,2,25,103,107,222,266,19,60,161,498,7
2726974628,1,63,432,114,51,64,110,17,8,201,421
2725311653,2,64,41,90,412,429,68,101,15,12,77
2728236198,1,96,111,56,268,126,16,81,107,143,99
2728154279,1,126,84,267,67,154,245,432,14,18,107
2727179443,2,13,113,42,21,63,81,38,223,64,50
2727236798,2,121,67,117,10,131,498,13,497,113,41
2728678592,1,112,24,44,81,50,59,91,96,25,18
2728662212,2,50,498,74,82,106,104,63,81,157,4
2728613062,2,141,29,126,497,498,107,61,121,92,99
2726638791,2,25,105,81,107,27,29,13,412,19,6
2726745292,1,41,120,222,40,105,63,30,79,81,14
2728162508,1,268,51,24,40,58,81,9,163,23,63
2728432848,1,106,497,3,498,150,103,432,79,164,15
2728293594,2,27,19,498,69,267,86,44,81,35,42
2728711393,1,114,223,421,81,50,96,77,8,91,201
2725328104,2,2,45,96,117,17,51,40,134,77,75
2728342761,2,497,18,78,141,136,13,24,498,50,12
2726900970,2,81,40,164,120,30,18,101,37,113,106
2727531758,1,14,3,24,40,81,19,266,498,13,497
2725803248,1,201,114,19,38,81,498,12,163,24,14
2726024434,1,9,122,110,8,25,112,51,203,26,27
2725213426,1,13,121,150,25,202,98,51,113,114,3
2728842484,1,112,498,20,150,497,114,84,51,44,113
2725287167,1,498,121,42,44,80,98,9,2,110,497
2725229824,1,37,54,103,51,21,81,75,13,12,3
2725221653,1,56,82,245,72,51,21,24,63,44,86
2726769953,1,18,38,75,117,19,51,68,72,134,432
2727490850,1,80,18,3,106,117,222,19,236,57,40
2725877030,2,63,27,59,14,51,92,143,13,498,20
2727105832,2,58,104,3,412,110,14,117,119,42,24
2725967146,1,107,236,40,64,142,141,429,4,267,75
2725729598,2,266,117,18,63,50,13,106,113,222,412
2727277888,2,54,6,99,268,18,41,266,3,498,267
2726630721,2,164,25,105,18,54,223,222,8,80,36
2728219970,2,498,268,63,41,154,105,40,76,21,8
2726286661,1,38,126,72,117,498,107,18,150,8,26
2725942605,1,202,45,164,63,19,119,59,75,223,38
2725205326,2,141,78,136,99,81,37,24,3,30,18
2726942041,2,14,164,20,18,412,114,96,40,106,61
2728359263,1,18,37,19,61,41,157,12,134,154,51
2726540648,1,164,72,498,134,117,110,41,38,19,201
2727769465,1,110,117,122,22,203,21,20,1,44,58
2728490362,1,43,121,57,161,498,497,238,429,72,245
2725115259,2,86,40,18,7,113,141,41,236,201,42
2728826254,2,34,498,113,497,150,84,119,112,19,201
2725197215,1,412,498,107,134,17,516,268,81,223,9
2726794659,1,44,19,18,42,27,432,13,154,14,51
2728146349,1,60,51,432,14,8,110,112,412,28,41
2726958512,1,18,34,266,20,223,63,6,51,19,69
2728129970,1,110,1,164,103,117,268,11,54,122,21
2725770674,2,238,12,24,202,84,245,412,18,105,64
2726720955,2,164,59,201,21,3,105,113,114,51,223
2726884807,1,201,27,51,121,136,420,254,8,516,15
2726811080,1,25,1,245,498,6,43,110,164,113,131
2728637900,1,141,112,18,27,53,81,134,150,72,40
2727622096,1,222,113,150,117,103,13,75,223,72,119
2725967313,2,131,59,126,497,498,121,29,14,53,50
2727335378,2,78,69,43,498,20,2,18,61,72,37
2727704017,1,72,163,81,12,86,121,92,201,101,110
2727007702,2,245,18,432,14,113,63,15,8,164,64
2726147544,1,20,267,103,29,14,122,81,36,103,54
2728449498,2,40,163,51,19,92,53,84,24,90,498
2725303773,2,266,12,61,59,119,161,76,14,3,21
2725524960,1,41,110,28,55,40,51,75,104,13,117
2728793571,2,161,67,163,107,23,3,24,25,18,150
2726000105,2,101,53,51,141,266,96,61,117,5,41
2725303803,1,40,119,103,39,203,245,63,13,27,110
2727032318,1,107,67,13,201,61,24,101,222,223,28
2726270464,2,223,41,107,18,4,497,8,498,106,92
2726016513,1,81,141,57,38,432,4,497,498,104,78
2728719887,2,51,27,40,157,113,92,154,44,110,50
2728367650,2,107,133,25,13,17,26,75,4,236,24
2728687140,1,497,42,154,498,14,223,55,104,41,18
2726114858,1,105,1,236,267,24,107,103,412,51,58
2725418550,1,18,223,6,154,38,63,119,7,127,107
2727360055,1,421,51,40,80,55,18,31,43,3,64
2728728121,1,154,498,43,107,497,9,81,98,245,266
2725623362,1,107,4,92,119,12,105,114,18,40,20
2727286339,1,18,105,59,84,9,8,117,119,421,24
2726835778,2,245,119,24,64,40,14,105,19,81,432
2727491141,2,498,41,3,142,154,164,81,12,131,76
2727515721,1,79,163,110,64,40,78,76,53,4,51
2725885513,1,67,34,412,107,96,120,110,202,122,43
2728171087,2,427,236,57,14,101,80,119,1,106,75
2727736911,1,236,117,245,114,33,412,67,92,105,20
2726082132,1,77,107,40,103,432,18,17,5,498,16
2727253593,1,13,81,72,201,90,92,3,51,14,79
2725402202,2,40,38,81,157,254,106,110,163,68,12
2726639199,2,245,23,223,498,113,6,164,13,17,117
2725598832,2,81,105,150,72,53,92,51,107,63,40
2727229045,1,76,51,25,27,82,112,164,40,21,36
2725230201,2,42,76,63,18,164,40,72,131,96,59
2727442041,1,55,36,121,498,117,3,429,106,10,201
2728318590,1,68,51,16,154,238,84,14,18,69,36
2727089794,1,40,76,18,122,34,421,8,37,31,498
2728441475,2,27,12,63,498,136,14,268,51,33,40
2725844623,1,161,81,41,9,40,3,24,12,107,18
2728523414,2,29,101,223,121,27,42,498,497,72,92
2728679063,2,25,84,96,35,34,498,20,3,57,497
2725779107,2,16,103,421,78,29,432,72,8,15,58
2728375980,2,150,421,42,429,412,64,12,157,18,136
2728507053,2,18,267,17,121,131,113,268,14,16,81
2726786734,2,51,12,154,14,45,67,60,150,157,40
2728187574,1,38,18,14,201,106,45,63,9,51,240
2727204538,2,9,103,40,81,54,143,126,421,110,8
2727753404,1,268,24,143,51,85,110,77,223,121,163
2726008512,1,67,50,25,62,19,75,64,40,238,15
2728105669,2,106,50,432,202,161,81,54,157,44,58
2726041292,2,63,25,150,19,15,245,18,143,50,20
2725222108,2,126,13,24,117,110,75,5,16,245,119
2727253729,2,81,107,45,40,23,136,113,267,164,498
2728023782,2,24,76,110,412,90,34,18,223,150,64
2725115628,1,96,76,117,421,69,12,24,68,18,34
2726999802,1,3,40,29,24,126,53,14,13,81,164
2728843006,2,112,16,81,19,161,2,497,7,498,75
2728220415,2,64,119,150,45,25,117,122,245,143,81
2725451522,1,143,121,18,44,164,110,126,72,136,40
2725607170,2,92,63,59,157,81,223,72,45,23,110
2728294148,2,40,154,15,42,14,163,64,110,201,27
2725877509,2,6,14,103,154,58,40,1,29,72,68
2726983428,2,34,101,18,24,117,268,20,202,40,41
2726614792,1,39,63,14,72,498,17,41,3,202,35
2727925513,2,150,107,15,9,268,126,76,112,412,18
2728392459,2,53,101,236,110,76,72,18,136,41,432
2727679761,1,72,429,201,63,122,432,51,59,90,150
2728376097,2,498,59,497,14,7,8,77,18,53,164
2727106350,2,121,31,21,432,131,236,113,13,429,25
2725402416,2,53,110,92,72,61,76,13,18,75,223
2728335160,1,3,164,76,43,498,131,113,412,80,96
2725517114,2,20,421,81,4,107,266,202,432,127,104
2725566268,1,497,222,60,99,92,8,498,1,150,9
2727376713,1,498,41,103,76,497,40,64,92,245,110
2725435225,1,427,96,45,201,164,113,114,38,498,40
2728621919,2,236,110,19,432,7,81,412,27,107,55
2727753568,2,13,201,236,421,67,126,2,163,497,498
2727245667,1,69,81,25,10,64,112,14,201,498,9
2728400742,1,72,18,14,40,136,121,51,25,98,101
2728687463,2,111,201,64,110,136,54,12,126,60,429
2728228712,2,429,5,110,67,40,238,236,63,245,107
2726442858,2,81,143,112,27,421,51,68,117,24,91
2728867693,2,222,16,92,121,268,24,57,69,25,81
2728720241,2,126,104,18,267,26,154,67,236,77,57
2726803315,1,113,68,40,157,81,80,60,112,51,223
2725566325,1,26,142,498,23,107,64,50,18,25,157
2728671103,2,119,12,50,64,78,33,114,61,81,40
2725689220,2,136,17,53,67,104,201,81,64,163,13
2728834967,1,27,201,113,45,81,136,26,119,57,24
2726967199,2,498,107,13,497,92,240,8,201,113,81
2726631331,1,24,29,432,107,91,7,53,11,201,51
2727409576,2,8,20,110,126,117,267,18,27,238,41
2727057320,1,136,240,72,117,498,110,143,106,92,55
2727319467,2,4,498,76,79,164,119,40,8,78,64
2727106476,2,113,201,163,14,81,110,8,23,25,154
2725443501,1,107,24,82,245,12,40,51,8,20,38
2725263289,1,14,64,81,114,13,54,157,421,18,107
2725476286,2,90,81,201,28,79,24,119,54,38,12
2728449985,1,28,50,498,40,3,164,236,113,412,81
2725025729,1,141,119,27,63,117,497,3,76,498,78
2725844933,2,24,1,119,142,86,113,157,107,40,81
2725566405,2,107,222,10,432,112,63,14,62,498,13
2725885898,1,236,201,55,72,81,498,3,76,13,497
2726803403,1,80,92,412,28,18,38,81,122,40,76
2728310738,2,112,30,110,121,12,113,39,37,81,245
2728155092,1,51,131,27,43,2,50,64,202,3,25
2725345237,2,36,13,43,55,202,223,103,18,23,245
2725230551,2,40,29,136,17,102,150,63,131,498,497
2727270360,2,498,67,117,106,238,63,110,20,99,122
2727589865,2,67,266,245,141,63,110,154,420,101,267
2728425452,2,24,4,122,12,498,18,84,14,421,136
2727475183,1,35,27,136,432,119,103,81,102,98,126
2726057967,2,31,163,37,498,120,113,63,13,107,18
2727188470,2,85,15,12,35,14,3,267,20,13,18
2728097783,2,131,14,117,18,203,154,432,27,122,110
2725836805,2,154,13,223,67,106,61,498,72,44,497
2725681160,2,58,110,120,7,223,24,18,38,117,14
2725730319,1,26,18,164,69,68,110,106,12,38,114
2725271575,1,112,77,412,498,80,28,81,74,122,201
2725812248,1,51,59,40,161,62,84,61,141,110,143
2728327193,2,114,9,51,48,69,121,112,81,78,223
2728032289,1,51,114,163,72,40,268,57,81,43,245
2725754919,1,63,498,112,92,35,51,266,9,201,72
2727180328,1,43,32,15,59,13,61,222,154,41,25
2725943337,2,98,28,3,81,201,62,84,107,119,99
2725255211,1,9,76,3,164,81,92,121,115,25,96
2728032303,2,28,81,50,26,4,427,18,99,223,142
2727163952,2,18,68,120,31,201,12,163,64,164,81
2728458290,1,24,498,101,40,114,61,516,429,497,11
2726901815,1,35,40,18,27,268,69,236,267,107,51
2726623295,1,17,105,54,81,107,114,236,154,110,53
2725713988,1,37,202,72,39,34,222,53,154,67,3
2727549001,2,101,27,117,81,113,3,51,40,150,154
2725484618,2,34,60,110,201,82,43,141,81,245,17
2727614549,1,18,122,238,45,126,22,19,1,13,58
2726828117,1,92,498,497,24,69,35,18,44,164,13
2728327265,2,41,110,59,117,103,34,24,27,497,498
2726459493,1,8,18,26,59,81,164,497,113,498,50
2728335466,1,18,141,268,85,25,112,40,114,67,421
2726156407,1,29,38,25,141,14,83,45,497,20,498
2725714046,2,119,24,27,201,50,18,43,412,19,80
2728237183,1,24,75,12,26,67,27,38,81,201,39
2728269954,2,266,69,19,429,40,127,14,27,133,154
2727286916,2,8,238,98,107,110,13,34,12,18,121
2725615750,2,105,201,141,18,150,412,498,50,113,157
2728786055,2,25,421,81,163,92,43,18,3,121,26
2726680712,1,119,72,42,117,516,19,110,24,267,4
2727606408,1,42,27,40,141,29,117,96,98,421,61
2728310922,2,81,75,79,201,76,432,164,51,72,112
2725607570,2,150,115,102,45,40,62,3,18,92,432
2728581270,2,498,3,69,24,223,60,268,164,15,12
2725812382,2,29,18,106,50,412,63,67,39,81,19
2728204451,1,26,51,14,268,76,222,50,90,25,60
2727688363,1,122,154,9,498,42,53,24,96,3,121
2725705900,1,86,164,117,112,18,157,432,55,81,154
2728810671,2,268,141,12,67,114,18,89,113,61,14
2725320888,1,105,223,76,18,92,131,50,498,5,9
2728483004,1,498,20,41,268,12,98,121,18,39,8
2727532735,2,24,51,150,101,40,421,497,498,268,240
2727352513,2,164,117,110,112,77,268,114,24,412,81
2725288134,2,8,64,23,412,18,16,11,74,110,136
2726860998,1,81,53,92,101,121,164,25,141,99,18
2728532169,2,45,201,92,28,119,112,59,420,67,25
2725386443,2,51,267,266,238,106,498,33,82,14,497
2728130765,2,85,421,43,81,61,91,72,105,40,21
2727393502,1,59,163,27,498,63,164,112,15,14,121
2725869795,1,75,131,81,24,63,18,54,48,112,201
2728745188,2,164,81,40,105,79,55,92,19,9,119
2728376553,2,9,79,126,7,240,203,53,80,110,69
2727057645,2,64,81,50,13,516,31,12,29,55,59
2725279984,1,201,81,48,68,69,120,44,67,92,50
2725361906,2,13,122,12,113,222,43,51,5,99,23
2725558525,2,498,7,107,72,497,113,110,54,161,40
2728098051,2,112,201,14,48,29,42,18,106,40,126
2725304584,2,64,157,12,18,143,498,55,14,223,60
2726164747,2,13,141,40,103,42,157,222,245,37,54
2728696080,2,63,141,122,89,222,7,161,121,15,126
2727377176,1,7,25,24,78,51,119,421,163,14,12
2726631704,1,41,81,107,142,16,76,3,117,29,24
2725419291,1,15,112,57,37,28,59,126,40,110,13
2728024358,1,40,114,498,3,104,15,54,412,107,105
2728393001,2,80,497,18,126,64,13,498,120,14,89
2728286507,2,268,18,141,13,267,54,81,136,44,19
2725910839,1,498,122,76,112,12,141,131,110,497,42
2727541047,1,117,142,18,154,24,19,110,53,68,42
2728483129,2,29,63,3,25,150,112,245,24,497,18
2725853506,1,82,112,202,63,107,81,19,223,245,17
2728466755,2,117,64,67,69,43,81,141,14,61,89
2727205192,2,17,81,79,432,42,22,164,103,9,23
2728409423,2,421,8,15,25,164,117,27,81,64,267
2725697885,2,41,98,21,117,81,131,498,497,113,23
2725353835,1,25,107,420,99,51,201,92,61,81,113
2725214571,2,55,110,107,8,25,31,498,497,136,421
2728335725,2,498,126,497,59,103,76,223,14,18,39
2727475567,1,51,40,72,163,79,92,121,112,81,53
2728352122,2,18,99,14,64,157,154,98,22,268,122
2728221052,2,82,119,29,74,142,238,51,37,64,3
2725476741,2,15,107,223,42,92,12,50,23,113,81
2725902726,2,24,9,110,30,141,43,13,106,92,81
2727664007,2,154,69,3,110,14,13,19,114,81,223
2727664008,1,61,64,498,14,497,9,114,55,29,24
2726074762,1,119,92,24,105,432,51,40,113,164,50
2727614859,2,110,69,16,113,54,76,51,40,84,164
2726541707,2,112,98,9,117,81,20,22,8,40,61
2727066003,1,105,48,12,420,18,13,126,40,67,24
2728434069,1,96,150,12,13,141,121,69,81,223,122
2725517723,1,238,107,122,9,18,29,9,99,107,157
2727434655,2,81,63,141,92,115,90,245,429,12,80
2728851882,2,201,119,164,4,9,136,121,37,81,57
2728606125,2,111,421,9,42,81,498,12,497,13,164
2725312948,2,76,119,267,92,112,498,497,113,126,54
2725190070,2,40,55,72,91,222,13,98,76,164,18
2727885239,1,43,21,8,113,114,41,121,4,117,110
2725484983,2,150,51,19,99,25,40,102,15,90,58
2727131584,1,3,201,75,14,51,412,245,107,164,498
2725951940,1,19,12,236,27,15,117,240,498,38,154
2725272020,2,101,107,92,161,18,498,240,5,112,25
2727082457,1,421,497,498,143,23,24,110,223,64,61
2725337563,2,61,14,432,121,18,20,4,51,122,25
2725665246,1,154,236,51,63,78,164,113,26,81,7
2725738975,1,92,22,4,12,164,267,6,112,18,121
2727336417,1,40,119,131,164,268,110,35,26,14,79
2726582757,2,117,114,421,51,30,26,126,7,164,81
2725198311,1,56,51,157,420,103,81,75,13,12,3
2725902837,2,22,14,131,107,50,157,110,268,107,412
2725927421,1,432,136,35,27,222,121,12,107,498,45
2725706237,2,14,44,110,245,92,114,119,40,59,131
2728843775,1,13,64,432,51,223,27,154,117,126,110
2726861311,2,78,34,201,121,81,80,122,19,236,8
2726754817,2,122,12,120,126,498,64,13,53,17,110
2725820934,2,12,42,24,27,18,28,245,126,201,81
2725755401,2,421,101,8,18,44,498,268,50,497,141
2728532494,1,58,202,21,18,222,22,11,1,25,3
2726722066,1,76,38,122,81,53,113,14,101,236,432
2728393238,1,164,67,72,412,55,107,44,81,61,54
2725304859,2,117,72,240,13,51,24,421,7,18,201
2727229981,1,163,18,201,107,150,201,107,110,101,114
2726205988,1,55,18,121,53,54,134,110,117,17,64
2727180839,1,164,268,14,12,498,141,61,18,38,25
2727524904,1,25,113,18,14,13,92,40,102,4,81
2726705706,1,121,412,498,42,27,114,12,69,18,72
2728548913,2,164,35,9,42,236,267,141,429,55,23
2726812210,1,110,4,92,117,24,38,12,59,18,164
2726664767,2,113,15,34,117,92,50,3,44,5,18
2727205443,2,117,77,50,432,81,117,24,5,236,76
2726918725,2,1,72,48,51,12,43,81,92,245,19
2726877777,2,412,81,76,429,85,81,267,106,75,90
2726656598,1,154,61,498,201,164,25,75,51,33,13
2728761951,2,110,112,223,106,57,498,238,63,14,164
2727565919,2,26,136,107,2,222,92,497,498,55,72
2728237665,1,18,41,136,141,43,35,150,3,117,119
2725804639,1,102,80,112,110,201,13,497,27,498,421
2725567095,1,28,42,497,498,14,236,421,112,41,26
2725640824,1,44,516,134,154,110,150,24,51,53,42
2728704632,1,14,24,201,61,81,13,98,28,222,27
2725583493,2,110,90,59,25,23,7,432,24,51,157
2726099595,1,110,31,120,117,4,121,37,81,42,114
2726787724,1,41,81,154,105,117,18,26,4,107,23
2728442508,2,26,41,55,236,106,157,412,24,50,29
2725976722,1,53,50,113,110,24,498,28,112,27,497
2728786579,2,81,245,40,24,420,254,236,267,90,126
2727025305,1,96,267,107,163,236,121,498,117,14,112
2726771355,1,497,498,69,92,76,81,201,245,13,14
2725755553,2,254,429,12,42,31,164,498,107,268,25
2728311464,1,154,498,114,497,55,136,51,161,14,421
2726550185,1,238,63,51,107,9,6,154,112,497,21
2726894248,1,24,11,13,51,40,236,31,117,28,4
2725501608,2,75,9,51,136,143,61,113,40,222,58
2728565426,2,69,39,432,113,110,8,81,43,120,117
2725214901,1,89,82,119,34,20,107,498,266,142,412
2728704699,1,14,18,12,3,107,42,429,412,113,164
2727484092,2,64,90,110,117,516,77,27,40,29,136
2726451904,1,497,92,110,5,81,106,107,29,43,238
2725993155,2,45,98,81,72,101,9,133,150,103,106
2726132438,2,72,164,90,43,51,63,53,107,81,13
2725763800,1,13,28,498,497,41,61,117,51,236,72
2728614619,2,429,85,59,267,96,61,76,222,223,80
2728245982,2,63,202,68,141,91,240,119,113,99,117
2728508131,1,112,80,157,29,40,164,267,67,141,238
2726165230,1,18,432,64,163,14,201,50,81,157,59
2727713521,2,81,19,16,99,122,117,8,51,150,72
2725452538,2,117,82,7,236,64,14,21,16,113,99
2727041787,2,34,101,54,81,24,201,3,164,51,126
2726279940,2,74,245,81,23,266,119,25,427,92,163
2725370647,1,18,19,37,201,76,39,9,110,40,134
2725591837,2,122,105,72,432,18,4,81,164,24,12
2728631071,2,25,236,36,51,99,17,157,11,40,18
2727598883,1,21,110,1,51,80,10,14,115,99,58
2725526312,1,13,72,63,84,81,498,40,254,78,4
2728336178,2,18,201,86,101,76,51,40,141,84,163
2725190453,1,50,13,62,202,43,107,222,63,12,268
2727885621,2,13,412,110,24,76,40,107,18,103,17
2727172921,2,84,432,8,107,18,39,38,40,222,64
2728237882,2,12,81,34,92,154,240,222,223,113,3
2725198651,2,14,75,161,498,121,27,61,40,154,18
2725296954,2,119,107,61,68,89,161,51,25,114,72
2726886205,2,81,121,201,6,13,29,9,14,421,91
2726255428,1,69,236,18,64,40,268,421,8,117,81
2726837061,2,99,113,498,117,14,3,40,254,55,18
2728483655,2,23,110,121,143,55,106,37,8,126,202
2728147783,1,154,157,114,40,18,126,27,164,43,119
2726968137,2,18,42,1,267,121,106,498,12,164,134
2725239626,2,23,105,40,58,21,427,3,82,266,412
2727287627,2,136,143,23,245,119,497,498,64,13,122
2726697805,2,18,68,26,223,72,27,12,157,96,19
2727639891,2,81,141,114,40,112,72,55,516,18,12
2725600089,2,76,164,26,136,18,3,20,81,53,41
2728557403,1,104,126,81,9,31,113,13,266,429,201
2728770401,1,9,126,57,51,53,142,25,69,110,106
2725829478,1,17,117,245,75,81,24,27,25,268,96
2726894439,1,498,27,35,163,497,18,80,101,19,26
2728246137,2,18,107,26,50,92,121,82,143,51,13
2726108033,1,498,25,106,103,75,31,53,22,121,107
2727680897,2,107,53,81,432,266,92,18,64,497,136
2726476673,1,201,110,115,122,59,24,121,18,13,40
2726009754,2,12,18,38,10,141,44,110,107,92,4
2727017371,2,19,92,18,136,16,63,267,498,164,24
2728459167,2,117,78,163,51,72,44,115,59,238,84
2725419936,2,38,236,63,412,81,117,18,223,74,64
2727230370,1,40,498,75,59,238,154,8,117,51,80
2727099299,2,14,223,164,222,8,45,24,18,48,201
2728246180,1,61,40,150,59,18,107,12,202,14,112
2727680933,1,25,27,51,13,72,23,28,268,498,497
2725551019,2,498,69,113,9,114,201,81,30,516,427
2727173037,2,254,106,110,432,55,83,201,18,238,64
2726599597,2,268,98,29,48,20,1,236,42,113,432
2726255541,2,4,3,119,143,72,19,42,121,67,25
2728090563,2,117,41,113,13,51,3,40,498,164,106
2727574473,2,40,18,55,79,17,14,268,497,107,498
2728164299,1,429,48,41,268,154,161,121,164,201,18
2726861774,1,74,164,236,111,106,99,498,63,11,157
2728467412,1,63,81,75,67,84,122,141,245,37,51
2727058402,2,432,163,24,104,51,77,38,164,12,15
2725829609,1,80,238,15,107,143,37,268,80,236,77
2725379051,1,40,245,110,421,14,72,68,201,81,126
2725690347,1,157,13,16,92,22,8,59,201,238,51
2728377332,2,131,99,81,13,59,53,126,18,27,64
2725239811,2,92,25,72,4,18,81,107,223,163,78
2727361543,1,38,119,58,44,19,12,81,55,107,27
2726190097,1,89,102,13,18,92,24,497,81,99,150
2727246869,1,81,106,76,133,13,498,497,50,30,107
2725272602,2,81,24,14,55,53,136,51,131,72,63
2727336988,1,498,141,44,55,126,164,59,67,7,12
2725510174,2,48,222,40,13,104,498,14,42,497,254
2725305375,2,40,19,18,34,114,14,77,53,101,81
2728811554,2,79,67,136,157,16,20,14,81,12,90
2725755943,1,15,12,7,113,92,43,58,136,154,498
2725461034,2,13,222,40,72,157,143,164,516,121,67
2728827948,2,154,67,164,42,12,40,498,20,69,122
2725026863,1,498,14,126,161,28,35,78,110,40,142
2727509041,1,17,498,157,4,267,32,99,67,105,164
2725248052,2,164,16,20,112,110,81,12,14,136,421
2728164405,1,432,68,136,51,19,18,40,14,55,107
2728500287,1,24,81,240,89,43,96,117,72,14,4
2728172614,1,64,13,51,25,150,26,43,421,110,164
2725223495,1,24,150,96,13,117,14,12,19,7,29
2726444108,2,57,38,432,421,110,3,81,121,114,40
2725936210,1,27,421,498,12,131,25,64,114,81,38
2727705684,2,39,3,18,24,201,223,81,136,421,8
2726132825,2,114,29,105,412,154,421,45,25,81,57
2728778843,2,16,27,103,17,110,54,51,154,40,163
2726272092,2,236,13,412,68,24,119,223,154,112,92
2728762465,2,45,18,141,412,164,154,92,81,267,61
2728811618,2,164,150,117,55,119,63,27,42,22,154
2725616739,1,99,14,412,429,72,107,110,240,25,34
2725715043,1,67,126,25,59,3,245,81,44,14,13
2728434790,2,498,143,75,7,11,117,5,18,126,131
2725870699,1,19,8,142,82,223,103,22,154,16,107
2725682284,1,102,110,238,117,245,13,18,50,432,107
2728352879,2,22,85,92,121,161,39,12,74,154,81
2728672369,2,51,106,131,25,114,18,63,421,13,80
2725264497,2,23,103,96,5,432,21,223,76,54,112
2725231734,2,28,240,12,13,202,6,117,112,5,96
2725190776,2,39,19,67,267,420,498,114,55,497,106
2727591042,2,104,201,245,96,69,136,8,516,76,51
2728459399,1,498,164,76,163,497,27,72,245,18,267
2725665933,2,516,8,110,267,19,223,163,81,421,23
2725862550,1,45,150,267,67,104,432,92,81,7,59
2726911138,2,40,103,421,81,8,58,35,43,18,4
2725403814,2,91,136,81,164,121,110,42,9,107,33
2726649000,1,498,24,61,25,27,223,110,150,4,48
2728844460,1,99,121,164,497,18,236,24,111,3,29
2727541941,2,12,142,107,150,119,103,92,245,202,267
2726960313,2,81,154,26,163,41,498,113,8,13,497
2728377532,2,498,38,19,17,50,113,25,18,1,164
2725887165,1,50,12,113,68,18,81,27,63,117,61
2726476990,1,41,25,254,13,222,40,164,51,268,19
2727754947,1,412,17,51,79,163,18,27,61,117,24
2727419078,2,59,163,9,498,39,141,51,101,266,42
2726943942,2,223,92,59,81,13,14,23,69,67,19
2727189707,2,412,105,107,83,21,40,238,11,15,122
2726091986,2,107,96,432,164,110,16,154,51,99,17
2728000727,1,25,58,110,22,122,22,20,13,31,99
2725706968,2,9,81,12,126,3,79,201,68,18,26
2727402711,1,57,18,45,117,154,75,19,81,13,40
2725420249,1,9,164,432,126,110,13,202,106,41,63
2725944541,1,154,51,268,25,14,59,40,18,99,75
2728033507,1,13,18,254,14,117,90,121,432,81,85
2727468261,1,117,91,24,51,240,81,92,245,40,107
2725985513,1,101,72,110,40,98,51,131,106,254,43
2727927018,2,43,150,55,64,18,96,3,40,19,41
2727591146,1,81,103,23,25,113,245,117,9,67,150
2725231858,1,51,201,28,77,90,113,24,110,50,267
2725682418,2,29,102,48,268,412,112,117,18,122,76
2728099060,1,412,254,498,14,69,48,51,60,13,115
2728205561,2,57,40,110,421,245,4,64,51,92,267
2725625083,2,54,203,18,42,201,80,113,131,81,53
2728221949,1,4,64,429,53,164,51,92,421,40,163
2727681285,2,90,498,12,86,106,164,267,101,104,222
2728295688,2,16,27,119,3,5,14,163,24,81,223
2727091473,2,19,240,131,110,98,114,38,18,203,117
2725977363,1,55,24,164,18,40,96,19,157,268,98
2725362972,2,18,114,77,43,497,164,38,245,202,412
2725764381,2,99,40,18,19,50,4,22,14,92,25
2725436714,2,421,119,78,43,74,164,18,201,30,9
2727320875,1,498,497,163,13,2,63,40,8,421,18
2728582451,1,18,164,13,154,14,106,143,42,110,122
2726051124,1,498,40,77,68,3,5,61,24,201,81
2728828218,1,28,103,412,119,41,14,72,12,498,10
2727263549,2,23,59,13,25,498,105,51,54,20,117
2726272321,1,497,92,223,498,142,76,164,429,64,163
2728115524,1,18,14,201,43,421,41,76,429,412,136
2726632778,2,126,81,14,24,89,3,39,117,119,113
2725264718,1,50,40,13,121,18,64,17,163,497,498
2727451997,1,432,18,20,238,82,40,107,92,51,3
2725428586,1,223,110,114,37,24,113,30,26,164,51
2726124907,2,36,25,110,141,90,19,24,498,40,50
2725936492,2,18,25,127,102,131,105,57,107,98,222
2725936509,2,90,9,497,164,236,136,498,80,40,33
2728410494,2,201,8,50,76,18,429,497,154,61,122
2727435651,2,222,92,245,24,25,101,14,20,81,12
2727886215,1,107,110,51,266,134,21,19,13,44,31
2725879177,1,43,7,119,72,68,429,126,1,20,89
2728639881,2,19,45,67,25,77,164,24,110,223,50
2725371279,2,201,113,81,92,163,429,63,13,41,121
2728230288,1,18,40,42,121,54,112,143,236,41,2
2726821282,2,164,13,412,76,498,45,58,254,18,37
2726657461,2,39,8,18,98,28,76,91,63,27,51
2726813111,1,497,110,112,157,92,44,245,28,67,107
2728541625,2,42,51,33,13,161,421,61,27,25,18
2725600698,2,131,40,19,18,126,121,112,117,136,110
2727206342,2,119,43,34,59,92,51,154,58,25,69
2728435144,2,48,498,43,25,14,117,81,421,8,1
2727108041,2,44,13,41,59,81,245,110,432,131,164
2726936017,1,113,498,92,268,497,126,51,3,201,72
2728181202,1,201,72,164,51,163,61,24,120,236,117
2725395924,1,154,4,58,25,15,498,69,157,497,20
2727640533,2,8,18,412,164,163,81,223,113,105,27
2727599572,2,136,32,429,412,50,14,8,81,516,164
2728213973,1,54,51,245,104,40,163,25,72,78,18
2726665688,1,27,432,35,69,51,122,37,268,67,72
2728492505,1,11,45,3,266,202,245,157,58,429,16
2726673884,2,40,164,236,63,107,103,81,4,120,92
2727419356,1,126,81,43,24,27,157,45,64,22,40
2727149024,1,7,29,107,75,143,90,266,236,37,76
2725477857,2,203,136,117,236,18,40,105,119,41,72
2726845927,2,161,81,64,267,107,25,107,22,23,268
2726878699,1,14,136,223,203,498,421,7,29,24,12
2728484335,2,44,36,268,2,18,23,81,516,19,80
2726477296,2,48,164,432,81,38,14,64,45,25,51
2726862325,1,59,51,38,98,92,40,3,202,24,164
2725117429,1,245,18,117,107,27,12,105,84,236,121
2728271351,1,498,5,114,40,61,12,35,81,84,34
2726600184,1,3,222,40,14,254,90,498,497,76,114
2726632949,2,19,18,32,41,25,99,81,107,68,412
2727607802,2,40,96,30,4,77,38,119,141,14,103
2728639995,1,420,498,238,76,117,25,114,24,10,51
2726706688,1,81,12,236,61,77,19,13,54,498,223
2725756418,2,421,134,498,9,80,69,110,101,17,54
2726600199,2,107,38,432,110,2,79,412,81,8,268
2726960652,1,14,55,203,50,51,41,143,22,99,107
2725223955,2,101,69,67,19,80,57,421,81,9,112
2726444566,1,6,106,26,498,497,201,67,92,141,50
2725330458,2,498,25,154,45,24,81,223,77,10,112
2726583846,2,24,498,516,26,112,114,107,81,45,12
2726616614,2,114,113,61,157,12,14,51,164,59,40
2728287782,1,27,412,51,20,50,126,14,24,37,81
2726182439,1,25,30,64,21,17,28,99,21,157,101
2725903919,2,18,266,30,12,245,498,105,122,98,164
2726444596,2,163,8,107,117,498,15,134,50,267,29
2728844874,1,103,120,44,164,119,40,67,24,106,61
2726207061,1,78,25,7,72,110,43,432,245,27,29
2725559902,2,421,498,44,69,24,113,267,126,429,8
2727394919,1,110,40,238,141,27,67,113,161,90,58
2728361578,2,92,4,164,89,429,81,143,421,74,14
2725314154,2,498,34,98,72,240,266,154,67,12,105
2728722031,2,3,107,81,117,164,412,429,113,69,150
2726043250,2,50,8,18,427,25,14,24,12,81,13
2725224056,1,106,103,126,18,12,53,34,163,110,107
2726575743,2,223,107,51,268,34,72,222,69,106,84
2726641287,2,122,8,72,18,40,51,43,24,42,68
2726977161,1,22,40,131,121,30,13,3,267,120,119
2726919819,2,104,13,201,18,27,119,101,432,150,19
2727485068,2,13,223,121,81,114,25,498,92,106,69
2727403149,2,79,7,33,222,12,25,51,121,14,112
2726665869,2,113,223,39,8,96,30,4,44,81,20
2728697494,1,27,134,107,498,117,103,18,420,40,64
2728312481,1,24,12,58,222,112,122,107,98,18,4
2725306018,1,10,81,268,40,113,103,41,72,117,110
2727526052,1,245,164,117,498,13,15,72,98,82,24
2726624939,1,72,498,157,201,86,254,96,238,57,117
2726174381,2,412,164,81,429,131,497,67,164,74,76
2725543600,1,67,58,99,1,421,238,157,107,28,15
2728025782,1,50,42,81,63,72,40,18,38,113,164
2727288517,2,117,42,20,18,13,81,40,421,41,268
2726272709,2,24,497,107,498,34,412,14,67,104,105
2726289095,1,81,201,20,14,13,19,53,92,18,84
2725502664,1,14,29,37,131,77,421,3,12,17,67
2727001802,2,98,110,42,25,64,45,143,81,421,92
2725641947,2,30,63,56,15,164,114,101,18,267,60
2728681186,2,117,150,421,13,222,79,14,69,81,201
2725822189,2,40,222,19,13,42,18,27,26,164,115
2725338863,2,266,40,268,121,498,81,102,74,103,16
2726256370,1,58,267,76,55,222,18,9,30,40,2
2728337140,1,163,64,51,19,161,13,24,79,18,223
2728435444,2,35,412,67,14,161,107,29,76,105,1
2728754940,1,110,42,117,27,120,16,38,14,64,498
2727378687,1,117,112,50,72,18,498,69,64,55,497
2725658375,2,81,12,107,8,14,163,113,13,412,18
2727231250,2,40,34,67,121,57,78,267,421,81,112
2727214867,2,18,28,117,92,42,81,19,12,516,163
2725256978,2,4,72,18,80,412,223,74,21,113,17
2725478164,2,498,497,50,72,245,122,236,412,76,131
2726641439,2,154,81,68,44,61,90,412,50,498,113
2727141155,2,81,122,31,14,76,18,53,34,85,120
2726756132,2,92,432,18,76,69,27,202,13,412,19
2727034665,2,64,67,17,267,412,50,223,101,498,58
2728861491,2,498,117,154,245,41,18,69,40,121,161
2728558389,1,28,23,85,119,53,54,69,432,121,81
2725207864,1,28,18,27,201,69,157,516,76,51,75
2725658436,2,114,90,53,106,67,154,150,412,101,498
2727100230,1,40,222,427,115,107,412,8,59,157,429
2728845128,1,268,51,40,17,76,12,81,69,33,164
2728582986,1,245,163,31,117,51,41,81,12,121,134
2727739218,1,497,72,498,4,92,121,223,51,24,245
2727419739,1,432,81,120,164,115,18,201,45,24,41
2725969763,2,102,245,136,201,236,18,63,98,25,13
2728591207,2,42,72,497,81,114,112,498,412,113,27
2728738669,1,29,72,14,12,69,51,25,41,163,107
2725347192,2,8,134,72,236,497,9,498,107,3,201
2725527418,2,119,131,35,7,26,24,3,81,23,40
2727411580,2,201,114,96,4,24,42,429,12,57,102
2728836994,2,80,16,5,268,51,117,498,8,121,240
2725560207,2,22,21,34,141,13,38,117,28,516,68
2725404564,2,29,121,497,42,164,15,24,25,136,54
2726109093,2,59,13,8,53,110,119,432,14,72,26
2728370088,1,121,16,498,164,13,58,11,55,43,119
2727387052,2,40,141,18,38,27,201,81,33,34,75
2726641585,2,58,201,498,154,115,37,119,113,163,41
2725666737,1,131,16,421,110,126,112,412,107,133,96
2726682550,2,18,14,61,117,59,110,150,432,112,28
2726731710,1,31,53,13,72,222,61,81,12,113,164
2725453766,2,41,154,42,18,25,201,61,24,54,51
2725773264,2,18,42,203,201,107,75,245,81,7,117
2725806034,2,107,236,54,114,112,141,432,75,4,498
2727075798,1,154,266,44,45,81,164,223,103,18,24
2725388257,1,18,42,164,412,113,119,13,40,39,72
2725814242,2,25,240,53,236,28,72,498,63,78,432
2725265384,2,96,142,107,238,266,81,55,412,17,11
2728091625,2,86,103,497,498,23,29,267,157,3,19
2728599544,2,267,24,14,99,51,110,122,121,63,245
2725224442,1,24,55,106,107,54,13,107,432,119,75
2728501244,1,64,103,12,55,67,498,37,110,254,266
